LOCATION,INDICATOR,SUBJECT,MEASURE,FREQUENCY,TIME,Value,Flag Codes
AUS,HUR,TOT,PC_LF,A,2000,6.285546,
AUS,HUR,TOT,PC_LF,A,2001,6.742173,
AUS,HUR,TOT,PC_LF,A,2002,6.368911,
AUS,HUR,TOT,PC_LF,A,2003,5.92842,
AUS,HUR,TOT,PC_LF,A,2004,5.396734,
AUS,HUR,TOT,PC_LF,A,2005,5.033881,
AUS,HUR,TOT,PC_LF,A,2006,4.78524,
AUS,HUR,TOT,PC_LF,A,2007,4.379151,
AUS,HUR,TOT,PC_LF,A,2008,4.23433,
AUS,HUR,TOT,PC_LF,A,2009,5.560385,
AUS,HUR,TOT,PC_LF,A,2010,5.21334,
AUS,HUR,TOT,PC_LF,A,2011,5.081195,
AUS,HUR,TOT,PC_LF,A,2012,5.223376,
AUS,HUR,TOT,PC_LF,A,2013,5.66194,
AUS,HUR,TOT,PC_LF,A,2014,6.077244,
AUS,HUR,TOT,PC_LF,A,2015,6.056423,
AUS,HUR,TOT,PC_LF,A,2016,5.710301,
AUS,HUR,TOT,PC_LF,A,2017,5.59376,
AUS,HUR,TOT,PC_LF,A,2018,5.299855,
AUS,HUR,TOT,PC_LF,A,2019,5.158916,
AUS,HUR,TOT,PC_LF,A,2020,6.461837,
AUT,HUR,TOT,PC_LF,A,2000,3.933333,
AUT,HUR,TOT,PC_LF,A,2001,3.983333,
AUT,HUR,TOT,PC_LF,A,2002,4.383333,
AUT,HUR,TOT,PC_LF,A,2003,4.758333,B
AUT,HUR,TOT,PC_LF,A,2004,5.891667,P
AUT,HUR,TOT,PC_LF,A,2005,6.033333,P
AUT,HUR,TOT,PC_LF,A,2006,5.641667,P
AUT,HUR,TOT,PC_LF,A,2007,5.216667,P
AUT,HUR,TOT,PC_LF,A,2008,4.441667,P
AUT,HUR,TOT,PC_LF,A,2009,5.666667,P
AUT,HUR,TOT,PC_LF,A,2010,5.191667,P
AUT,HUR,TOT,PC_LF,A,2011,4.9,P
AUT,HUR,TOT,PC_LF,A,2012,5.191667,P
AUT,HUR,TOT,PC_LF,A,2013,5.725,P
AUT,HUR,TOT,PC_LF,A,2014,6.033333,P
AUT,HUR,TOT,PC_LF,A,2015,6.15,P
AUT,HUR,TOT,PC_LF,A,2016,6.45,P
AUT,HUR,TOT,PC_LF,A,2017,5.925,P
AUT,HUR,TOT,PC_LF,A,2018,5.208333,P
AUT,HUR,TOT,PC_LF,A,2019,4.841667,P
AUT,HUR,TOT,PC_LF,A,2020,6.025,P
BEL,HUR,TOT,PC_LF,A,2000,6.875,
BEL,HUR,TOT,PC_LF,A,2001,6.591667,
BEL,HUR,TOT,PC_LF,A,2002,7.525,
BEL,HUR,TOT,PC_LF,A,2003,8.175,
BEL,HUR,TOT,PC_LF,A,2004,8.391666,
BEL,HUR,TOT,PC_LF,A,2005,8.433333,
BEL,HUR,TOT,PC_LF,A,2006,8.25,
BEL,HUR,TOT,PC_LF,A,2007,7.483333,
BEL,HUR,TOT,PC_LF,A,2008,6.975,
BEL,HUR,TOT,PC_LF,A,2009,7.891667,
BEL,HUR,TOT,PC_LF,A,2010,8.316667,
BEL,HUR,TOT,PC_LF,A,2011,7.166667,
BEL,HUR,TOT,PC_LF,A,2012,7.566667,
BEL,HUR,TOT,PC_LF,A,2013,8.45,
BEL,HUR,TOT,PC_LF,A,2014,8.533334,
BEL,HUR,TOT,PC_LF,A,2015,8.5,
BEL,HUR,TOT,PC_LF,A,2016,7.858333,B
BEL,HUR,TOT,PC_LF,A,2017,7.1,
BEL,HUR,TOT,PC_LF,A,2018,5.958333,
BEL,HUR,TOT,PC_LF,A,2019,5.366667,
BEL,HUR,TOT,PC_LF,A,2020,5.541667,B
CAN,HUR,TOT,PC_LF,A,2000,6.816667,
CAN,HUR,TOT,PC_LF,A,2001,7.216667,
CAN,HUR,TOT,PC_LF,A,2002,7.675,
CAN,HUR,TOT,PC_LF,A,2003,7.575,
CAN,HUR,TOT,PC_LF,A,2004,7.191667,
CAN,HUR,TOT,PC_LF,A,2005,6.758333,
CAN,HUR,TOT,PC_LF,A,2006,6.35,
CAN,HUR,TOT,PC_LF,A,2007,6.066667,
CAN,HUR,TOT,PC_LF,A,2008,6.175,
CAN,HUR,TOT,PC_LF,A,2009,8.375,
CAN,HUR,TOT,PC_LF,A,2010,8.116667,
CAN,HUR,TOT,PC_LF,A,2011,7.558333,
CAN,HUR,TOT,PC_LF,A,2012,7.333333,
CAN,HUR,TOT,PC_LF,A,2013,7.125,
CAN,HUR,TOT,PC_LF,A,2014,6.941667,
CAN,HUR,TOT,PC_LF,A,2015,6.941667,
CAN,HUR,TOT,PC_LF,A,2016,7.05,
CAN,HUR,TOT,PC_LF,A,2017,6.4,
CAN,HUR,TOT,PC_LF,A,2018,5.891667,
CAN,HUR,TOT,PC_LF,A,2019,5.733333,
CAN,HUR,TOT,PC_LF,A,2020,9.558333,
CZE,HUR,TOT,PC_LF,A,2000,8.775,
CZE,HUR,TOT,PC_LF,A,2001,8.125,
CZE,HUR,TOT,PC_LF,A,2002,7.291667,
CZE,HUR,TOT,PC_LF,A,2003,7.775,
CZE,HUR,TOT,PC_LF,A,2004,8.291667,
CZE,HUR,TOT,PC_LF,A,2005,7.941667,
CZE,HUR,TOT,PC_LF,A,2006,7.133333,
CZE,HUR,TOT,PC_LF,A,2007,5.325,
CZE,HUR,TOT,PC_LF,A,2008,4.408333,
CZE,HUR,TOT,PC_LF,A,2009,6.683333,
CZE,HUR,TOT,PC_LF,A,2010,7.291667,
CZE,HUR,TOT,PC_LF,A,2011,6.716667,
CZE,HUR,TOT,PC_LF,A,2012,6.975,
CZE,HUR,TOT,PC_LF,A,2013,6.966667,
CZE,HUR,TOT,PC_LF,A,2014,6.116667,
CZE,HUR,TOT,PC_LF,A,2015,5.058333,
CZE,HUR,TOT,PC_LF,A,2016,3.966667,
CZE,HUR,TOT,PC_LF,A,2017,2.908333,
CZE,HUR,TOT,PC_LF,A,2018,2.266667,
CZE,HUR,TOT,PC_LF,A,2019,2.016667,
CZE,HUR,TOT,PC_LF,A,2020,2.55,
DNK,HUR,TOT,PC_LF,A,2000,4.325,
DNK,HUR,TOT,PC_LF,A,2001,4.525,
DNK,HUR,TOT,PC_LF,A,2002,4.583333,
DNK,HUR,TOT,PC_LF,A,2003,5.408333,
DNK,HUR,TOT,PC_LF,A,2004,5.5,
DNK,HUR,TOT,PC_LF,A,2005,4.841667,
DNK,HUR,TOT,PC_LF,A,2006,3.908333,
DNK,HUR,TOT,PC_LF,A,2007,3.75,
DNK,HUR,TOT,PC_LF,A,2008,3.708333,
DNK,HUR,TOT,PC_LF,A,2009,6.408333,
DNK,HUR,TOT,PC_LF,A,2010,7.766667,
DNK,HUR,TOT,PC_LF,A,2011,7.758333,
DNK,HUR,TOT,PC_LF,A,2012,7.8,
DNK,HUR,TOT,PC_LF,A,2013,7.391667,
DNK,HUR,TOT,PC_LF,A,2014,6.883333,
DNK,HUR,TOT,PC_LF,A,2015,6.3,
DNK,HUR,TOT,PC_LF,A,2016,6.008333,
DNK,HUR,TOT,PC_LF,A,2017,5.816667,
DNK,HUR,TOT,PC_LF,A,2018,5.116667,
DNK,HUR,TOT,PC_LF,A,2019,5.058333,
DNK,HUR,TOT,PC_LF,A,2020,5.65,
FIN,HUR,TOT,PC_LF,A,2000,9.783334,
FIN,HUR,TOT,PC_LF,A,2001,9.125,
FIN,HUR,TOT,PC_LF,A,2002,9.075,
FIN,HUR,TOT,PC_LF,A,2003,9.008333,
FIN,HUR,TOT,PC_LF,A,2004,8.825,
FIN,HUR,TOT,PC_LF,A,2005,8.4,
FIN,HUR,TOT,PC_LF,A,2006,7.716667,
FIN,HUR,TOT,PC_LF,A,2007,6.866667,
FIN,HUR,TOT,PC_LF,A,2008,6.366667,B
FIN,HUR,TOT,PC_LF,A,2009,8.366667,
FIN,HUR,TOT,PC_LF,A,2010,8.541667,
FIN,HUR,TOT,PC_LF,A,2011,7.966667,
FIN,HUR,TOT,PC_LF,A,2012,7.808333,
FIN,HUR,TOT,PC_LF,A,2013,8.3,
FIN,HUR,TOT,PC_LF,A,2014,8.75,
FIN,HUR,TOT,PC_LF,A,2015,9.458333,
FIN,HUR,TOT,PC_LF,A,2016,8.916667,
FIN,HUR,TOT,PC_LF,A,2017,8.766666,
FIN,HUR,TOT,PC_LF,A,2018,7.433333,
FIN,HUR,TOT,PC_LF,A,2019,6.741667,
FIN,HUR,TOT,PC_LF,A,2020,7.725,
FRA,HUR,TOT,PC_LF,A,2000,9.558333,
FRA,HUR,TOT,PC_LF,A,2001,8.741667,
FRA,HUR,TOT,PC_LF,A,2002,8.633333,
FRA,HUR,TOT,PC_LF,A,2003,8.508333,
FRA,HUR,TOT,PC_LF,A,2004,8.9,
FRA,HUR,TOT,PC_LF,A,2005,8.883333,
FRA,HUR,TOT,PC_LF,A,2006,8.85,
FRA,HUR,TOT,PC_LF,A,2007,8.016666,
FRA,HUR,TOT,PC_LF,A,2008,7.433333,
FRA,HUR,TOT,PC_LF,A,2009,9.116667,
FRA,HUR,TOT,PC_LF,A,2010,9.275,
FRA,HUR,TOT,PC_LF,A,2011,9.216666,
FRA,HUR,TOT,PC_LF,A,2012,9.758333,
FRA,HUR,TOT,PC_LF,A,2013,10.3,
FRA,HUR,TOT,PC_LF,A,2014,10.275,
FRA,HUR,TOT,PC_LF,A,2015,10.35,
FRA,HUR,TOT,PC_LF,A,2016,10.06667,
FRA,HUR,TOT,PC_LF,A,2017,9.425,
FRA,HUR,TOT,PC_LF,A,2018,9.025,
FRA,HUR,TOT,PC_LF,A,2019,8.433333,
FRA,HUR,TOT,PC_LF,A,2020,8.033334,
DEU,HUR,TOT,PC_LF,A,2000,8.008333,
DEU,HUR,TOT,PC_LF,A,2001,7.858333,
DEU,HUR,TOT,PC_LF,A,2002,8.683333,
DEU,HUR,TOT,PC_LF,A,2003,9.808333,
DEU,HUR,TOT,PC_LF,A,2004,10.5,
DEU,HUR,TOT,PC_LF,A,2005,11.28333,
DEU,HUR,TOT,PC_LF,A,2006,10.275,
DEU,HUR,TOT,PC_LF,A,2007,8.541667,
DEU,HUR,TOT,PC_LF,A,2008,7.425,
DEU,HUR,TOT,PC_LF,A,2009,7.641667,
DEU,HUR,TOT,PC_LF,A,2010,6.966667,
DEU,HUR,TOT,PC_LF,A,2011,5.833333,
DEU,HUR,TOT,PC_LF,A,2012,5.383333,
DEU,HUR,TOT,PC_LF,A,2013,5.241667,
DEU,HUR,TOT,PC_LF,A,2014,4.991667,
DEU,HUR,TOT,PC_LF,A,2015,4.633333,
DEU,HUR,TOT,PC_LF,A,2016,4.133333,
DEU,HUR,TOT,PC_LF,A,2017,3.758333,
DEU,HUR,TOT,PC_LF,A,2018,3.4,
DEU,HUR,TOT,PC_LF,A,2019,3.15,
DEU,HUR,TOT,PC_LF,A,2020,3.833333,B
GRC,HUR,TOT,PC_LF,A,2000,11.23333,
GRC,HUR,TOT,PC_LF,A,2001,10.675,
GRC,HUR,TOT,PC_LF,A,2002,10.33333,
GRC,HUR,TOT,PC_LF,A,2003,9.741667,
GRC,HUR,TOT,PC_LF,A,2004,10.60833,
GRC,HUR,TOT,PC_LF,A,2005,10.00833,
GRC,HUR,TOT,PC_LF,A,2006,9.033334,
GRC,HUR,TOT,PC_LF,A,2007,8.416667,
GRC,HUR,TOT,PC_LF,A,2008,7.766667,
GRC,HUR,TOT,PC_LF,A,2009,9.625,
GRC,HUR,TOT,PC_LF,A,2010,12.75,
GRC,HUR,TOT,PC_LF,A,2011,17.91667,
GRC,HUR,TOT,PC_LF,A,2012,24.49167,
GRC,HUR,TOT,PC_LF,A,2013,27.49167,
GRC,HUR,TOT,PC_LF,A,2014,26.55,
GRC,HUR,TOT,PC_LF,A,2015,24.95833,
GRC,HUR,TOT,PC_LF,A,2016,23.56667,
GRC,HUR,TOT,PC_LF,A,2017,21.53333,
GRC,HUR,TOT,PC_LF,A,2018,19.30833,
GRC,HUR,TOT,PC_LF,A,2019,17.33333,
GRC,HUR,TOT,PC_LF,A,2020,16.44167,B
HUN,HUR,TOT,PC_LF,A,2000,6.266667,
HUN,HUR,TOT,PC_LF,A,2001,5.575,
HUN,HUR,TOT,PC_LF,A,2002,5.583333,
HUN,HUR,TOT,PC_LF,A,2003,5.741667,
HUN,HUR,TOT,PC_LF,A,2004,6.066667,
HUN,HUR,TOT,PC_LF,A,2005,7.175,
HUN,HUR,TOT,PC_LF,A,2006,7.458333,
HUN,HUR,TOT,PC_LF,A,2007,7.391667,
HUN,HUR,TOT,PC_LF,A,2008,7.8,B
HUN,HUR,TOT,PC_LF,A,2009,9.675,
HUN,HUR,TOT,PC_LF,A,2010,10.8,
HUN,HUR,TOT,PC_LF,A,2011,10.66667,
HUN,HUR,TOT,PC_LF,A,2012,10.675,
HUN,HUR,TOT,PC_LF,A,2013,9.85,
HUN,HUR,TOT,PC_LF,A,2014,7.5,
HUN,HUR,TOT,PC_LF,A,2015,6.633333,
HUN,HUR,TOT,PC_LF,A,2016,4.975,
HUN,HUR,TOT,PC_LF,A,2017,4.05,
HUN,HUR,TOT,PC_LF,A,2018,3.591667,
HUN,HUR,TOT,PC_LF,A,2019,3.3,
HUN,HUR,TOT,PC_LF,A,2020,4.125,
ISL,HUR,TOT,PC_LF,A,2003,3.516667,
ISL,HUR,TOT,PC_LF,A,2004,3.408333,
ISL,HUR,TOT,PC_LF,A,2005,2.883333,
ISL,HUR,TOT,PC_LF,A,2006,3.208333,
ISL,HUR,TOT,PC_LF,A,2007,2.475,
ISL,HUR,TOT,PC_LF,A,2008,3.333333,
ISL,HUR,TOT,PC_LF,A,2009,8.016666,
ISL,HUR,TOT,PC_LF,A,2010,8.3,
ISL,HUR,TOT,PC_LF,A,2011,7.675,
ISL,HUR,TOT,PC_LF,A,2012,6.633333,
ISL,HUR,TOT,PC_LF,A,2013,5.841667,
ISL,HUR,TOT,PC_LF,A,2014,5.408333,
ISL,HUR,TOT,PC_LF,A,2015,4.508333,
ISL,HUR,TOT,PC_LF,A,2016,3.341667,
ISL,HUR,TOT,PC_LF,A,2017,3.283333,
ISL,HUR,TOT,PC_LF,A,2018,3.1,
ISL,HUR,TOT,PC_LF,A,2019,3.933333,
ISL,HUR,TOT,PC_LF,A,2020,6.433333,
IRL,HUR,TOT,PC_LF,A,2000,4.4,
IRL,HUR,TOT,PC_LF,A,2001,4.175,
IRL,HUR,TOT,PC_LF,A,2002,4.725,
IRL,HUR,TOT,PC_LF,A,2003,4.85,
IRL,HUR,TOT,PC_LF,A,2004,4.741667,
IRL,HUR,TOT,PC_LF,A,2005,4.633333,
IRL,HUR,TOT,PC_LF,A,2006,4.791667,
IRL,HUR,TOT,PC_LF,A,2007,5,
IRL,HUR,TOT,PC_LF,A,2008,6.791667,
IRL,HUR,TOT,PC_LF,A,2009,12.65833,
IRL,HUR,TOT,PC_LF,A,2010,14.575,
IRL,HUR,TOT,PC_LF,A,2011,15.40833,
IRL,HUR,TOT,PC_LF,A,2012,15.48333,
IRL,HUR,TOT,PC_LF,A,2013,13.775,
IRL,HUR,TOT,PC_LF,A,2014,11.88333,
IRL,HUR,TOT,PC_LF,A,2015,9.925,
IRL,HUR,TOT,PC_LF,A,2016,8.408334,
IRL,HUR,TOT,PC_LF,A,2017,6.733333,
IRL,HUR,TOT,PC_LF,A,2018,5.775,
IRL,HUR,TOT,PC_LF,A,2019,4.975,
IRL,HUR,TOT,PC_LF,A,2020,5.85,
ITA,HUR,TOT,PC_LF,A,2000,10.05,
ITA,HUR,TOT,PC_LF,A,2001,9.008333,
ITA,HUR,TOT,PC_LF,A,2002,8.475,
ITA,HUR,TOT,PC_LF,A,2003,8.433333,B
ITA,HUR,TOT,PC_LF,A,2004,8.05,P
ITA,HUR,TOT,PC_LF,A,2005,7.783333,P
ITA,HUR,TOT,PC_LF,A,2006,6.866667,P
ITA,HUR,TOT,PC_LF,A,2007,6.15,P
ITA,HUR,TOT,PC_LF,A,2008,6.775,P
ITA,HUR,TOT,PC_LF,A,2009,7.875,P
ITA,HUR,TOT,PC_LF,A,2010,8.541667,P
ITA,HUR,TOT,PC_LF,A,2011,8.508333,P
ITA,HUR,TOT,PC_LF,A,2012,10.88333,P
ITA,HUR,TOT,PC_LF,A,2013,12.375,P
ITA,HUR,TOT,PC_LF,A,2014,12.825,P
ITA,HUR,TOT,PC_LF,A,2015,12.025,P
ITA,HUR,TOT,PC_LF,A,2016,11.76667,P
ITA,HUR,TOT,PC_LF,A,2017,11.275,P
ITA,HUR,TOT,PC_LF,A,2018,10.675,P
ITA,HUR,TOT,PC_LF,A,2019,10.025,P
ITA,HUR,TOT,PC_LF,A,2020,9.283334,P
JPN,HUR,TOT,PC_LF,A,2000,4.716667,
JPN,HUR,TOT,PC_LF,A,2001,5.033333,
JPN,HUR,TOT,PC_LF,A,2002,5.375,
JPN,HUR,TOT,PC_LF,A,2003,5.258333,
JPN,HUR,TOT,PC_LF,A,2004,4.716667,
JPN,HUR,TOT,PC_LF,A,2005,4.425,
JPN,HUR,TOT,PC_LF,A,2006,4.141667,
JPN,HUR,TOT,PC_LF,A,2007,3.841667,
JPN,HUR,TOT,PC_LF,A,2008,3.991667,
JPN,HUR,TOT,PC_LF,A,2009,5.066667,
JPN,HUR,TOT,PC_LF,A,2010,5.05,
JPN,HUR,TOT,PC_LF,A,2011,4.583333,
JPN,HUR,TOT,PC_LF,A,2012,4.35,
JPN,HUR,TOT,PC_LF,A,2013,4.025,
JPN,HUR,TOT,PC_LF,A,2014,3.591667,
JPN,HUR,TOT,PC_LF,A,2015,3.375,
JPN,HUR,TOT,PC_LF,A,2016,3.116667,
JPN,HUR,TOT,PC_LF,A,2017,2.808333,
JPN,HUR,TOT,PC_LF,A,2018,2.441667,
JPN,HUR,TOT,PC_LF,A,2019,2.35,
JPN,HUR,TOT,PC_LF,A,2020,2.775,
KOR,HUR,TOT,PC_LF,A,2000,4.425,
KOR,HUR,TOT,PC_LF,A,2001,4,
KOR,HUR,TOT,PC_LF,A,2002,3.258333,
KOR,HUR,TOT,PC_LF,A,2003,3.55,
KOR,HUR,TOT,PC_LF,A,2004,3.658333,
KOR,HUR,TOT,PC_LF,A,2005,3.75,
KOR,HUR,TOT,PC_LF,A,2006,3.475,
KOR,HUR,TOT,PC_LF,A,2007,3.258333,
KOR,HUR,TOT,PC_LF,A,2008,3.175,
KOR,HUR,TOT,PC_LF,A,2009,3.633333,
KOR,HUR,TOT,PC_LF,A,2010,3.708333,
KOR,HUR,TOT,PC_LF,A,2011,3.408333,
KOR,HUR,TOT,PC_LF,A,2012,3.225,
KOR,HUR,TOT,PC_LF,A,2013,3.1,
KOR,HUR,TOT,PC_LF,A,2014,3.491667,
KOR,HUR,TOT,PC_LF,A,2015,3.591667,
KOR,HUR,TOT,PC_LF,A,2016,3.675,
KOR,HUR,TOT,PC_LF,A,2017,3.683333,
KOR,HUR,TOT,PC_LF,A,2018,3.833333,
KOR,HUR,TOT,PC_LF,A,2019,3.783333,
KOR,HUR,TOT,PC_LF,A,2020,3.941667,
LUX,HUR,TOT,PC_LF,A,2000,2.233333,
LUX,HUR,TOT,PC_LF,A,2001,1.9,
LUX,HUR,TOT,PC_LF,A,2002,2.558333,
LUX,HUR,TOT,PC_LF,A,2003,3.808333,
LUX,HUR,TOT,PC_LF,A,2004,4.95,
LUX,HUR,TOT,PC_LF,A,2005,4.65,
LUX,HUR,TOT,PC_LF,A,2006,4.575,
LUX,HUR,TOT,PC_LF,A,2007,4.166667,
LUX,HUR,TOT,PC_LF,A,2008,4.916667,
LUX,HUR,TOT,PC_LF,A,2009,5.116667,
LUX,HUR,TOT,PC_LF,A,2010,4.583333,
LUX,HUR,TOT,PC_LF,A,2011,4.833333,
LUX,HUR,TOT,PC_LF,A,2012,5.066667,
LUX,HUR,TOT,PC_LF,A,2013,5.875,
LUX,HUR,TOT,PC_LF,A,2014,6.05,
LUX,HUR,TOT,PC_LF,A,2015,6.458333,
LUX,HUR,TOT,PC_LF,A,2016,6.333333,
LUX,HUR,TOT,PC_LF,A,2017,5.616667,
LUX,HUR,TOT,PC_LF,A,2018,5.5,
LUX,HUR,TOT,PC_LF,A,2019,5.591667,
LUX,HUR,TOT,PC_LF,A,2020,6.691667,B
MEX,HUR,TOT,PC_LF,A,2000,2.505833,
MEX,HUR,TOT,PC_LF,A,2001,2.756667,
MEX,HUR,TOT,PC_LF,A,2002,2.978333,
MEX,HUR,TOT,PC_LF,A,2003,3.405833,
MEX,HUR,TOT,PC_LF,A,2004,3.915833,B
MEX,HUR,TOT,PC_LF,A,2005,3.595785,
MEX,HUR,TOT,PC_LF,A,2006,3.596744,
MEX,HUR,TOT,PC_LF,A,2007,3.721604,
MEX,HUR,TOT,PC_LF,A,2008,3.974655,
MEX,HUR,TOT,PC_LF,A,2009,5.479068,
MEX,HUR,TOT,PC_LF,A,2010,5.380876,
MEX,HUR,TOT,PC_LF,A,2011,5.233573,
MEX,HUR,TOT,PC_LF,A,2012,4.952769,
MEX,HUR,TOT,PC_LF,A,2013,4.929466,
MEX,HUR,TOT,PC_LF,A,2014,4.828958,
MEX,HUR,TOT,PC_LF,A,2015,4.352943,
MEX,HUR,TOT,PC_LF,A,2016,3.881356,
MEX,HUR,TOT,PC_LF,A,2017,3.419046,
MEX,HUR,TOT,PC_LF,A,2018,3.328549,
MEX,HUR,TOT,PC_LF,A,2019,3.49458,
MEX,HUR,TOT,PC_LF,A,2020,4.433232,
NLD,HUR,TOT,PC_LF,A,2000,3.666667,
NLD,HUR,TOT,PC_LF,A,2001,3.075,
NLD,HUR,TOT,PC_LF,A,2002,3.666667,
NLD,HUR,TOT,PC_LF,A,2003,4.841667,
NLD,HUR,TOT,PC_LF,A,2004,5.675,
NLD,HUR,TOT,PC_LF,A,2005,5.883333,
NLD,HUR,TOT,PC_LF,A,2006,5.008333,
NLD,HUR,TOT,PC_LF,A,2007,4.175,
NLD,HUR,TOT,PC_LF,A,2008,3.666667,
NLD,HUR,TOT,PC_LF,A,2009,4.35,
NLD,HUR,TOT,PC_LF,A,2010,5.008333,
NLD,HUR,TOT,PC_LF,A,2011,4.991667,
NLD,HUR,TOT,PC_LF,A,2012,5.825,
NLD,HUR,TOT,PC_LF,A,2013,7.241667,
NLD,HUR,TOT,PC_LF,A,2014,7.425,
NLD,HUR,TOT,PC_LF,A,2015,6.891667,
NLD,HUR,TOT,PC_LF,A,2016,6.025,
NLD,HUR,TOT,PC_LF,A,2017,4.858333,
NLD,HUR,TOT,PC_LF,A,2018,3.841667,
NLD,HUR,TOT,PC_LF,A,2019,3.4,
NLD,HUR,TOT,PC_LF,A,2020,3.833333,
NZL,HUR,TOT,PC_LF,A,2000,6.15,
NZL,HUR,TOT,PC_LF,A,2001,5.45,
NZL,HUR,TOT,PC_LF,A,2002,5.3,
NZL,HUR,TOT,PC_LF,A,2003,4.775,
NZL,HUR,TOT,PC_LF,A,2004,4.025,
NZL,HUR,TOT,PC_LF,A,2005,3.825,
NZL,HUR,TOT,PC_LF,A,2006,3.85,
NZL,HUR,TOT,PC_LF,A,2007,3.575,
NZL,HUR,TOT,PC_LF,A,2008,4.025,
NZL,HUR,TOT,PC_LF,A,2009,5.875,
NZL,HUR,TOT,PC_LF,A,2010,6.225,
NZL,HUR,TOT,PC_LF,A,2011,6.025,
NZL,HUR,TOT,PC_LF,A,2012,6.475,
NZL,HUR,TOT,PC_LF,A,2013,5.85,
NZL,HUR,TOT,PC_LF,A,2014,5.425,
NZL,HUR,TOT,PC_LF,A,2015,5.4,
NZL,HUR,TOT,PC_LF,A,2016,5.125,
NZL,HUR,TOT,PC_LF,A,2017,4.725,
NZL,HUR,TOT,PC_LF,A,2018,4.325,
NZL,HUR,TOT,PC_LF,A,2019,4.1,
NZL,HUR,TOT,PC_LF,A,2020,4.6,
NOR,HUR,TOT,PC_LF,A,2000,3.241667,
NOR,HUR,TOT,PC_LF,A,2001,3.408333,
NOR,HUR,TOT,PC_LF,A,2002,3.666667,
NOR,HUR,TOT,PC_LF,A,2003,4.208333,
NOR,HUR,TOT,PC_LF,A,2004,4.275,
NOR,HUR,TOT,PC_LF,A,2005,4.525,B
NOR,HUR,TOT,PC_LF,A,2006,3.425,
NOR,HUR,TOT,PC_LF,A,2007,2.558333,
NOR,HUR,TOT,PC_LF,A,2008,2.725,
NOR,HUR,TOT,PC_LF,A,2009,3.283333,
NOR,HUR,TOT,PC_LF,A,2010,3.733333,
NOR,HUR,TOT,PC_LF,A,2011,3.408333,
NOR,HUR,TOT,PC_LF,A,2012,3.3,
NOR,HUR,TOT,PC_LF,A,2013,3.758333,
NOR,HUR,TOT,PC_LF,A,2014,3.633333,
NOR,HUR,TOT,PC_LF,A,2015,4.5,
NOR,HUR,TOT,PC_LF,A,2016,4.758333,
NOR,HUR,TOT,PC_LF,A,2017,4.191667,
NOR,HUR,TOT,PC_LF,A,2018,3.875,
NOR,HUR,TOT,PC_LF,A,2019,3.7,
NOR,HUR,TOT,PC_LF,A,2020,4.6,
POL,HUR,TOT,PC_LF,A,2000,16.075,
POL,HUR,TOT,PC_LF,A,2001,18.30833,
POL,HUR,TOT,PC_LF,A,2002,20.03333,
POL,HUR,TOT,PC_LF,A,2003,19.75,
POL,HUR,TOT,PC_LF,A,2004,19.14167,
POL,HUR,TOT,PC_LF,A,2005,17.925,
POL,HUR,TOT,PC_LF,A,2006,13.96667,
POL,HUR,TOT,PC_LF,A,2007,9.608334,
POL,HUR,TOT,PC_LF,A,2008,7.041667,
POL,HUR,TOT,PC_LF,A,2009,8.116667,
POL,HUR,TOT,PC_LF,A,2010,9.675,
POL,HUR,TOT,PC_LF,A,2011,9.65,
POL,HUR,TOT,PC_LF,A,2012,10.10833,
POL,HUR,TOT,PC_LF,A,2013,10.34167,
POL,HUR,TOT,PC_LF,A,2014,9.016666,
POL,HUR,TOT,PC_LF,A,2015,7.525,
POL,HUR,TOT,PC_LF,A,2016,6.191667,
POL,HUR,TOT,PC_LF,A,2017,4.883333,
POL,HUR,TOT,PC_LF,A,2018,3.858333,
POL,HUR,TOT,PC_LF,A,2019,3.283333,
POL,HUR,TOT,PC_LF,A,2020,3.158333,B
PRT,HUR,TOT,PC_LF,A,2000,5.266667,
PRT,HUR,TOT,PC_LF,A,2001,5.375,
PRT,HUR,TOT,PC_LF,A,2002,6.466667,
PRT,HUR,TOT,PC_LF,A,2003,7.808333,
PRT,HUR,TOT,PC_LF,A,2004,8.166667,
PRT,HUR,TOT,PC_LF,A,2005,9.233334,
PRT,HUR,TOT,PC_LF,A,2006,9.3,
PRT,HUR,TOT,PC_LF,A,2007,9.583333,
PRT,HUR,TOT,PC_LF,A,2008,9.241667,
PRT,HUR,TOT,PC_LF,A,2009,11.225,
PRT,HUR,TOT,PC_LF,A,2010,12.58333,
PRT,HUR,TOT,PC_LF,A,2011,13.51667,
PRT,HUR,TOT,PC_LF,A,2012,16.575,
PRT,HUR,TOT,PC_LF,A,2013,17.175,
PRT,HUR,TOT,PC_LF,A,2014,14.65,
PRT,HUR,TOT,PC_LF,A,2015,13.025,
PRT,HUR,TOT,PC_LF,A,2016,11.46667,
PRT,HUR,TOT,PC_LF,A,2017,9.225,
PRT,HUR,TOT,PC_LF,A,2018,7.166667,
PRT,HUR,TOT,PC_LF,A,2019,6.675,
PRT,HUR,TOT,PC_LF,A,2020,7.116667,
SVK,HUR,TOT,PC_LF,A,2000,18.90833,
SVK,HUR,TOT,PC_LF,A,2001,19.45833,
SVK,HUR,TOT,PC_LF,A,2002,18.80833,
SVK,HUR,TOT,PC_LF,A,2003,17.69167,
SVK,HUR,TOT,PC_LF,A,2004,18.35833,
SVK,HUR,TOT,PC_LF,A,2005,16.375,
SVK,HUR,TOT,PC_LF,A,2006,13.46667,
SVK,HUR,TOT,PC_LF,A,2007,11.23333,
SVK,HUR,TOT,PC_LF,A,2008,9.575,
SVK,HUR,TOT,PC_LF,A,2009,12.11667,
SVK,HUR,TOT,PC_LF,A,2010,14.5,
SVK,HUR,TOT,PC_LF,A,2011,13.68333,
SVK,HUR,TOT,PC_LF,A,2012,13.95833,
SVK,HUR,TOT,PC_LF,A,2013,14.225,
SVK,HUR,TOT,PC_LF,A,2014,13.20833,
SVK,HUR,TOT,PC_LF,A,2015,11.5,
SVK,HUR,TOT,PC_LF,A,2016,9.666667,
SVK,HUR,TOT,PC_LF,A,2017,8.125,
SVK,HUR,TOT,PC_LF,A,2018,6.541667,
SVK,HUR,TOT,PC_LF,A,2019,5.766667,
SVK,HUR,TOT,PC_LF,A,2020,6.7,B
ESP,HUR,TOT,PC_LF,A,2000,11.91667,
ESP,HUR,TOT,PC_LF,A,2001,10.55833,
ESP,HUR,TOT,PC_LF,A,2002,11.44167,
ESP,HUR,TOT,PC_LF,A,2003,11.49167,
ESP,HUR,TOT,PC_LF,A,2004,10.95833,
ESP,HUR,TOT,PC_LF,A,2005,9.166667,
ESP,HUR,TOT,PC_LF,A,2006,8.458333,
ESP,HUR,TOT,PC_LF,A,2007,8.225,
ESP,HUR,TOT,PC_LF,A,2008,11.26667,
ESP,HUR,TOT,PC_LF,A,2009,17.86667,
ESP,HUR,TOT,PC_LF,A,2010,19.875,
ESP,HUR,TOT,PC_LF,A,2011,21.40833,
ESP,HUR,TOT,PC_LF,A,2012,24.79167,
ESP,HUR,TOT,PC_LF,A,2013,26.11667,
ESP,HUR,TOT,PC_LF,A,2014,24.45,
ESP,HUR,TOT,PC_LF,A,2015,22.075,
ESP,HUR,TOT,PC_LF,A,2016,19.65,
ESP,HUR,TOT,PC_LF,A,2017,17.23333,
ESP,HUR,TOT,PC_LF,A,2018,15.26667,
ESP,HUR,TOT,PC_LF,A,2019,14.10833,
ESP,HUR,TOT,PC_LF,A,2020,15.53333,
SWE,HUR,TOT,PC_LF,A,2000,5.6,B
SWE,HUR,TOT,PC_LF,A,2001,5.825,
SWE,HUR,TOT,PC_LF,A,2002,5.95,
SWE,HUR,TOT,PC_LF,A,2003,6.566667,
SWE,HUR,TOT,PC_LF,A,2004,7.375,
SWE,HUR,TOT,PC_LF,A,2005,7.641667,
SWE,HUR,TOT,PC_LF,A,2006,7.041667,
SWE,HUR,TOT,PC_LF,A,2007,6.116667,
SWE,HUR,TOT,PC_LF,A,2008,6.166667,
SWE,HUR,TOT,PC_LF,A,2009,8.3,
SWE,HUR,TOT,PC_LF,A,2010,8.575,
SWE,HUR,TOT,PC_LF,A,2011,7.766667,
SWE,HUR,TOT,PC_LF,A,2012,7.966667,
SWE,HUR,TOT,PC_LF,A,2013,8,
SWE,HUR,TOT,PC_LF,A,2014,7.933333,
SWE,HUR,TOT,PC_LF,A,2015,7.4,
SWE,HUR,TOT,PC_LF,A,2016,6.95,
SWE,HUR,TOT,PC_LF,A,2017,6.683333,
SWE,HUR,TOT,PC_LF,A,2018,6.325,B
SWE,HUR,TOT,PC_LF,A,2019,6.766667,
SWE,HUR,TOT,PC_LF,A,2020,8.291667,B
CHE,HUR,TOT,PC_LF,A,2010,4.803626,
CHE,HUR,TOT,PC_LF,A,2011,4.401669,
CHE,HUR,TOT,PC_LF,A,2012,4.484188,
CHE,HUR,TOT,PC_LF,A,2013,4.747292,
CHE,HUR,TOT,PC_LF,A,2014,4.829988,
CHE,HUR,TOT,PC_LF,A,2015,4.800639,
CHE,HUR,TOT,PC_LF,A,2016,4.91918,
CHE,HUR,TOT,PC_LF,A,2017,4.797587,
CHE,HUR,TOT,PC_LF,A,2018,4.714414,
CHE,HUR,TOT,PC_LF,A,2019,4.394452,
CHE,HUR,TOT,PC_LF,A,2020,4.815328,B
TUR,HUR,TOT,PC_LF,A,2005,9.508333,
TUR,HUR,TOT,PC_LF,A,2006,9.066667,B
TUR,HUR,TOT,PC_LF,A,2007,9.158334,
TUR,HUR,TOT,PC_LF,A,2008,10.025,
TUR,HUR,TOT,PC_LF,A,2009,13.04167,
TUR,HUR,TOT,PC_LF,A,2010,11.15,
TUR,HUR,TOT,PC_LF,A,2011,9.141666,
TUR,HUR,TOT,PC_LF,A,2012,8.433333,
TUR,HUR,TOT,PC_LF,A,2013,9.05,B
TUR,HUR,TOT,PC_LF,A,2014,9.883333,
TUR,HUR,TOT,PC_LF,A,2015,10.33333,
TUR,HUR,TOT,PC_LF,A,2016,10.90833,
TUR,HUR,TOT,PC_LF,A,2017,10.925,
TUR,HUR,TOT,PC_LF,A,2018,10.89167,
TUR,HUR,TOT,PC_LF,A,2019,13.74167,
TUR,HUR,TOT,PC_LF,A,2020,13.14167,
GBR,HUR,TOT,PC_LF,A,2000,5.458603,
GBR,HUR,TOT,PC_LF,A,2001,5.09697,
GBR,HUR,TOT,PC_LF,A,2002,5.184958,
GBR,HUR,TOT,PC_LF,A,2003,5.007329,
GBR,HUR,TOT,PC_LF,A,2004,4.747302,
GBR,HUR,TOT,PC_LF,A,2005,4.823375,
GBR,HUR,TOT,PC_LF,A,2006,5.417598,
GBR,HUR,TOT,PC_LF,A,2007,5.32914,
GBR,HUR,TOT,PC_LF,A,2008,5.68196,
GBR,HUR,TOT,PC_LF,A,2009,7.611054,
GBR,HUR,TOT,PC_LF,A,2010,7.867382,
GBR,HUR,TOT,PC_LF,A,2011,8.106182,
GBR,HUR,TOT,PC_LF,A,2012,7.965578,
GBR,HUR,TOT,PC_LF,A,2013,7.603673,
GBR,HUR,TOT,PC_LF,A,2014,6.178483,
GBR,HUR,TOT,PC_LF,A,2015,5.383935,
GBR,HUR,TOT,PC_LF,A,2016,4.892704,
GBR,HUR,TOT,PC_LF,A,2017,4.401906,
GBR,HUR,TOT,PC_LF,A,2018,4.080814,
GBR,HUR,TOT,PC_LF,A,2019,3.833521,
GBR,HUR,TOT,PC_LF,A,2020,4.551465,
USA,HUR,TOT,PC_LF,A,2000,3.991667,
USA,HUR,TOT,PC_LF,A,2001,4.733333,
USA,HUR,TOT,PC_LF,A,2002,5.775,
USA,HUR,TOT,PC_LF,A,2003,5.991667,
USA,HUR,TOT,PC_LF,A,2004,5.533333,
USA,HUR,TOT,PC_LF,A,2005,5.066667,
USA,HUR,TOT,PC_LF,A,2006,4.616667,
USA,HUR,TOT,PC_LF,A,2007,4.616667,
USA,HUR,TOT,PC_LF,A,2008,5.775,
USA,HUR,TOT,PC_LF,A,2009,9.266666,
USA,HUR,TOT,PC_LF,A,2010,9.616667,
USA,HUR,TOT,PC_LF,A,2011,8.95,
USA,HUR,TOT,PC_LF,A,2012,8.066667,
USA,HUR,TOT,PC_LF,A,2013,7.375,
USA,HUR,TOT,PC_LF,A,2014,6.166667,
USA,HUR,TOT,PC_LF,A,2015,5.291667,
USA,HUR,TOT,PC_LF,A,2016,4.866667,
USA,HUR,TOT,PC_LF,A,2017,4.35,
USA,HUR,TOT,PC_LF,A,2018,3.9,
USA,HUR,TOT,PC_LF,A,2019,3.666667,
USA,HUR,TOT,PC_LF,A,2020,8.091666,
CHL,HUR,TOT,PC_LF,A,2000,9.6675,
CHL,HUR,TOT,PC_LF,A,2001,9.8525,
CHL,HUR,TOT,PC_LF,A,2002,9.805,
CHL,HUR,TOT,PC_LF,A,2003,9.54,
CHL,HUR,TOT,PC_LF,A,2004,10.0075,
CHL,HUR,TOT,PC_LF,A,2005,9.235,
CHL,HUR,TOT,PC_LF,A,2006,7.8,
CHL,HUR,TOT,PC_LF,A,2007,7.13,
CHL,HUR,TOT,PC_LF,A,2008,7.7925,
CHL,HUR,TOT,PC_LF,A,2009,9.675,
CHL,HUR,TOT,PC_LF,A,2010,8.15,
CHL,HUR,TOT,PC_LF,A,2011,7.125,
CHL,HUR,TOT,PC_LF,A,2012,6.545561,
CHL,HUR,TOT,PC_LF,A,2013,6.08222,
CHL,HUR,TOT,PC_LF,A,2014,6.495096,
CHL,HUR,TOT,PC_LF,A,2015,6.328377,
CHL,HUR,TOT,PC_LF,A,2016,6.684913,
CHL,HUR,TOT,PC_LF,A,2017,6.965175,
CHL,HUR,TOT,PC_LF,A,2018,7.376639,
CHL,HUR,TOT,PC_LF,A,2019,7.22264,
CHL,HUR,TOT,PC_LF,A,2020,10.77024,
EST,HUR,TOT,PC_LF,A,2000,14.45833,
EST,HUR,TOT,PC_LF,A,2001,13.04167,
EST,HUR,TOT,PC_LF,A,2002,11.33333,
EST,HUR,TOT,PC_LF,A,2003,10.35,
EST,HUR,TOT,PC_LF,A,2004,10.08333,
EST,HUR,TOT,PC_LF,A,2005,7.975,
EST,HUR,TOT,PC_LF,A,2006,5.941667,
EST,HUR,TOT,PC_LF,A,2007,4.6,
EST,HUR,TOT,PC_LF,A,2008,5.516667,B
EST,HUR,TOT,PC_LF,A,2009,13.475,
EST,HUR,TOT,PC_LF,A,2010,16.58333,
EST,HUR,TOT,PC_LF,A,2011,12.35,
EST,HUR,TOT,PC_LF,A,2012,9.908334,
EST,HUR,TOT,PC_LF,A,2013,8.491667,
EST,HUR,TOT,PC_LF,A,2014,7.316667,
EST,HUR,TOT,PC_LF,A,2015,6.158333,
EST,HUR,TOT,PC_LF,A,2016,6.691667,
EST,HUR,TOT,PC_LF,A,2017,5.766667,
EST,HUR,TOT,PC_LF,A,2018,5.533333,
EST,HUR,TOT,PC_LF,A,2019,4.533333,
EST,HUR,TOT,PC_LF,A,2020,6.783333,
ISR,HUR,TOT,PC_LF,A,2000,8.770606,
ISR,HUR,TOT,PC_LF,A,2001,9.348134,
ISR,HUR,TOT,PC_LF,A,2002,10.29844,
ISR,HUR,TOT,PC_LF,A,2003,10.71266,
ISR,HUR,TOT,PC_LF,A,2004,10.36771,
ISR,HUR,TOT,PC_LF,A,2005,8.989903,
ISR,HUR,TOT,PC_LF,A,2006,8.403837,
ISR,HUR,TOT,PC_LF,A,2007,7.318558,
ISR,HUR,TOT,PC_LF,A,2008,6.099141,
ISR,HUR,TOT,PC_LF,A,2009,7.544086,
ISR,HUR,TOT,PC_LF,A,2010,6.636595,
ISR,HUR,TOT,PC_LF,A,2011,5.602376,B
ISR,HUR,TOT,PC_LF,A,2012,6.85,
ISR,HUR,TOT,PC_LF,A,2013,6.208333,
ISR,HUR,TOT,PC_LF,A,2014,5.908333,
ISR,HUR,TOT,PC_LF,A,2015,5.241667,
ISR,HUR,TOT,PC_LF,A,2016,4.808333,
ISR,HUR,TOT,PC_LF,A,2017,4.216667,
ISR,HUR,TOT,PC_LF,A,2018,4,
ISR,HUR,TOT,PC_LF,A,2019,3.8,
ISR,HUR,TOT,PC_LF,A,2020,4.325,
SVN,HUR,TOT,PC_LF,A,2000,6.741667,
SVN,HUR,TOT,PC_LF,A,2001,6.191667,
SVN,HUR,TOT,PC_LF,A,2002,6.341667,
SVN,HUR,TOT,PC_LF,A,2003,6.7,
SVN,HUR,TOT,PC_LF,A,2004,6.341667,
SVN,HUR,TOT,PC_LF,A,2005,6.541667,
SVN,HUR,TOT,PC_LF,A,2006,5.991667,
SVN,HUR,TOT,PC_LF,A,2007,4.858333,
SVN,HUR,TOT,PC_LF,A,2008,4.391667,
SVN,HUR,TOT,PC_LF,A,2009,5.891667,
SVN,HUR,TOT,PC_LF,A,2010,7.3,
SVN,HUR,TOT,PC_LF,A,2011,8.241667,
SVN,HUR,TOT,PC_LF,A,2012,8.916667,
SVN,HUR,TOT,PC_LF,A,2013,10.175,
SVN,HUR,TOT,PC_LF,A,2014,9.791667,
SVN,HUR,TOT,PC_LF,A,2015,9.025,
SVN,HUR,TOT,PC_LF,A,2016,8.025,
SVN,HUR,TOT,PC_LF,A,2017,6.6,
SVN,HUR,TOT,PC_LF,A,2018,5.158333,
SVN,HUR,TOT,PC_LF,A,2019,4.466667,
SVN,HUR,TOT,PC_LF,A,2020,5,
OECD,HUR,TOT,PC_LF,A,2005,6.847052,E
OECD,HUR,TOT,PC_LF,A,2006,6.331593,E
OECD,HUR,TOT,PC_LF,A,2007,5.838046,E
OECD,HUR,TOT,PC_LF,A,2008,6.166872,E
OECD,HUR,TOT,PC_LF,A,2009,8.31604,E
OECD,HUR,TOT,PC_LF,A,2010,8.528319,E
OECD,HUR,TOT,PC_LF,A,2011,8.116277,E
OECD,HUR,TOT,PC_LF,A,2012,8.097895,E
OECD,HUR,TOT,PC_LF,A,2013,8.006882,E
OECD,HUR,TOT,PC_LF,A,2014,7.44987,E
OECD,HUR,TOT,PC_LF,A,2015,6.886831,E
OECD,HUR,TOT,PC_LF,A,2016,6.469701,E
OECD,HUR,TOT,PC_LF,A,2017,5.939801,E
OECD,HUR,TOT,PC_LF,A,2018,5.502718,E
OECD,HUR,TOT,PC_LF,A,2019,5.422568,E
OECD,HUR,TOT,PC_LF,A,2020,7.154109,E
G-7,HUR,TOT,PC_LF,A,2000,5.698733,E
G-7,HUR,TOT,PC_LF,A,2001,5.898816,E
G-7,HUR,TOT,PC_LF,A,2002,6.481965,E
G-7,HUR,TOT,PC_LF,A,2003,6.645479,E
G-7,HUR,TOT,PC_LF,A,2004,6.400585,E
G-7,HUR,TOT,PC_LF,A,2005,6.221782,E
G-7,HUR,TOT,PC_LF,A,2006,5.816313,E
G-7,HUR,TOT,PC_LF,A,2007,5.421414,E
G-7,HUR,TOT,PC_LF,A,2008,5.843527,E
G-7,HUR,TOT,PC_LF,A,2009,8.016138,E
G-7,HUR,TOT,PC_LF,A,2010,8.169156,E
G-7,HUR,TOT,PC_LF,A,2011,7.65432,E
G-7,HUR,TOT,PC_LF,A,2012,7.384168,E
G-7,HUR,TOT,PC_LF,A,2013,7.114743,E
G-7,HUR,TOT,PC_LF,A,2014,6.398038,E
G-7,HUR,TOT,PC_LF,A,2015,5.820534,E
G-7,HUR,TOT,PC_LF,A,2016,5.469173,E
G-7,HUR,TOT,PC_LF,A,2017,4.994215,E
G-7,HUR,TOT,PC_LF,A,2018,4.559374,E
G-7,HUR,TOT,PC_LF,A,2019,4.291934,E
G-7,HUR,TOT,PC_LF,A,2020,6.480737,E
EA19,HUR,TOT,PC_LF,A,2000,8.883333,
EA19,HUR,TOT,PC_LF,A,2001,8.308333,
EA19,HUR,TOT,PC_LF,A,2002,8.6,
EA19,HUR,TOT,PC_LF,A,2003,9.075,
EA19,HUR,TOT,PC_LF,A,2004,9.325,
EA19,HUR,TOT,PC_LF,A,2005,9.183333,
EA19,HUR,TOT,PC_LF,A,2006,8.433333,
EA19,HUR,TOT,PC_LF,A,2007,7.55,
EA19,HUR,TOT,PC_LF,A,2008,7.6,
EA19,HUR,TOT,PC_LF,A,2009,9.691667,
EA19,HUR,TOT,PC_LF,A,2010,10.28333,
EA19,HUR,TOT,PC_LF,A,2011,10.26667,
EA19,HUR,TOT,PC_LF,A,2012,11.45833,
EA19,HUR,TOT,PC_LF,A,2013,12.075,
EA19,HUR,TOT,PC_LF,A,2014,11.65833,
EA19,HUR,TOT,PC_LF,A,2015,10.9,
EA19,HUR,TOT,PC_LF,A,2016,10.05833,
EA19,HUR,TOT,PC_LF,A,2017,9.091666,
EA19,HUR,TOT,PC_LF,A,2018,8.208333,
EA19,HUR,TOT,PC_LF,A,2019,7.583333,
EA19,HUR,TOT,PC_LF,A,2020,7.916667,
LVA,HUR,TOT,PC_LF,A,2000,14.34167,
LVA,HUR,TOT,PC_LF,A,2001,13.48333,
LVA,HUR,TOT,PC_LF,A,2002,12.49167,
LVA,HUR,TOT,PC_LF,A,2003,11.64167,
LVA,HUR,TOT,PC_LF,A,2004,11.75,
LVA,HUR,TOT,PC_LF,A,2005,10.05,
LVA,HUR,TOT,PC_LF,A,2006,7.041667,
LVA,HUR,TOT,PC_LF,A,2007,6.058333,
LVA,HUR,TOT,PC_LF,A,2008,7.741667,
LVA,HUR,TOT,PC_LF,A,2009,17.56667,
LVA,HUR,TOT,PC_LF,A,2010,19.475,
LVA,HUR,TOT,PC_LF,A,2011,16.21667,
LVA,HUR,TOT,PC_LF,A,2012,15.04167,
LVA,HUR,TOT,PC_LF,A,2013,11.875,
LVA,HUR,TOT,PC_LF,A,2014,10.85,
LVA,HUR,TOT,PC_LF,A,2015,9.883333,
LVA,HUR,TOT,PC_LF,A,2016,9.633333,
LVA,HUR,TOT,PC_LF,A,2017,8.708333,
LVA,HUR,TOT,PC_LF,A,2018,7.4,
LVA,HUR,TOT,PC_LF,A,2019,6.308333,
LVA,HUR,TOT,PC_LF,A,2020,8.1,
LTU,HUR,TOT,PC_LF,A,2000,16.44167,
LTU,HUR,TOT,PC_LF,A,2001,17.41667,
LTU,HUR,TOT,PC_LF,A,2002,13.775,
LTU,HUR,TOT,PC_LF,A,2003,12.43333,
LTU,HUR,TOT,PC_LF,A,2004,10.89167,
LTU,HUR,TOT,PC_LF,A,2005,8.316667,
LTU,HUR,TOT,PC_LF,A,2006,5.791667,
LTU,HUR,TOT,PC_LF,A,2007,4.258333,
LTU,HUR,TOT,PC_LF,A,2008,5.825,
LTU,HUR,TOT,PC_LF,A,2009,13.8,
LTU,HUR,TOT,PC_LF,A,2010,17.84167,
LTU,HUR,TOT,PC_LF,A,2011,15.39167,
LTU,HUR,TOT,PC_LF,A,2012,13.40833,
LTU,HUR,TOT,PC_LF,A,2013,11.8,
LTU,HUR,TOT,PC_LF,A,2014,10.725,
LTU,HUR,TOT,PC_LF,A,2015,9.133333,
LTU,HUR,TOT,PC_LF,A,2016,7.9,
LTU,HUR,TOT,PC_LF,A,2017,7.116667,
LTU,HUR,TOT,PC_LF,A,2018,6.183333,
LTU,HUR,TOT,PC_LF,A,2019,6.283333,
LTU,HUR,TOT,PC_LF,A,2020,8.516666,
COL,HUR,TOT,PC_LF,A,2007,11.2225,
COL,HUR,TOT,PC_LF,A,2008,11.2775,
COL,HUR,TOT,PC_LF,A,2009,12.08,
COL,HUR,TOT,PC_LF,A,2010,11.84167,
COL,HUR,TOT,PC_LF,A,2011,10.895,
COL,HUR,TOT,PC_LF,A,2012,10.43417,
COL,HUR,TOT,PC_LF,A,2013,9.705833,
COL,HUR,TOT,PC_LF,A,2014,9.166667,
COL,HUR,TOT,PC_LF,A,2015,8.960834,
COL,HUR,TOT,PC_LF,A,2016,9.274167,
COL,HUR,TOT,PC_LF,A,2017,9.425834,
COL,HUR,TOT,PC_LF,A,2018,9.719167,
COL,HUR,TOT,PC_LF,A,2019,10.545,
COL,HUR,TOT,PC_LF,A,2020,16.13417,
EU27_2020,HUR,TOT,PC_LF,A,2000,8.983334,
EU27_2020,HUR,TOT,PC_LF,A,2001,8.733334,
EU27_2020,HUR,TOT,PC_LF,A,2002,9.05,
EU27_2020,HUR,TOT,PC_LF,A,2003,9.816667,
EU27_2020,HUR,TOT,PC_LF,A,2004,9.966666,
EU27_2020,HUR,TOT,PC_LF,A,2005,9.683333,
EU27_2020,HUR,TOT,PC_LF,A,2006,8.708333,
EU27_2020,HUR,TOT,PC_LF,A,2007,7.516667,
EU27_2020,HUR,TOT,PC_LF,A,2008,7.266667,
EU27_2020,HUR,TOT,PC_LF,A,2009,9.225,
EU27_2020,HUR,TOT,PC_LF,A,2010,9.941667,
EU27_2020,HUR,TOT,PC_LF,A,2011,9.941667,
EU27_2020,HUR,TOT,PC_LF,A,2012,10.94167,
EU27_2020,HUR,TOT,PC_LF,A,2013,11.45,
EU27_2020,HUR,TOT,PC_LF,A,2014,10.9,
EU27_2020,HUR,TOT,PC_LF,A,2015,10.075,
EU27_2020,HUR,TOT,PC_LF,A,2016,9.175,
EU27_2020,HUR,TOT,PC_LF,A,2017,8.175,
EU27_2020,HUR,TOT,PC_LF,A,2018,7.3,
EU27_2020,HUR,TOT,PC_LF,A,2019,6.733333,
EU27_2020,HUR,TOT,PC_LF,A,2020,7.108333,
CRI,HUR,TOT,PC_LF,A,2011,10.2283,
CRI,HUR,TOT,PC_LF,A,2012,10.14184,
CRI,HUR,TOT,PC_LF,A,2013,9.499059,
CRI,HUR,TOT,PC_LF,A,2014,9.579739,
CRI,HUR,TOT,PC_LF,A,2015,9.606182,
CRI,HUR,TOT,PC_LF,A,2016,9.472075,
CRI,HUR,TOT,PC_LF,A,2017,9.174437,
CRI,HUR,TOT,PC_LF,A,2018,10.17895,
CRI,HUR,TOT,PC_LF,A,2019,11.7715,
CRI,HUR,TOT,PC_LF,A,2020,19.68985,
