VAR,Variable,UNIT,Measure,COU,Country,YEA,Year,Value,Flag Codes,Flags
PHARDEPR,N06A-Antidepressants,NBPYEANB,Defined daily dosage per 1 000 inhabitants per day,AUS,Australia,2000,2000,45.4,D,Difference in methodology
PHARDEPR,N06A-Antidepressants,NBPYEANB,Defined daily dosage per 1 000 inhabitants per day,AUS,Australia,2001,2001,53.2,D,Difference in methodology
PHARDEPR,N06A-Antidepressants,NBPYEANB,Defined daily dosage per 1 000 inhabitants per day,AUS,Australia,2002,2002,54.7,D,Difference in methodology
PHARDEPR,N06A-Antidepressants,NBPYEANB,Defined daily dosage per 1 000 inhabitants per day,AUS,Australia,2003,2003,58.5,D,Difference in methodology
PHARDEPR,N06A-Antidepressants,NBPYEANB,Defined daily dosage per 1 000 inhabitants per day,AUS,Australia,2004,2004,63.4,D,Difference in methodology
PHARDEPR,N06A-Antidepressants,NBPYEANB,Defined daily dosage per 1 000 inhabitants per day,AUS,Australia,2005,2005,65.7,D,Difference in methodology
PHARDEPR,N06A-Antidepressants,NBPYEANB,Defined daily dosage per 1 000 inhabitants per day,AUS,Australia,2006,2006,70.1,D,Difference in methodology
PHARDEPR,N06A-Antidepressants,NBPYEANB,Defined daily dosage per 1 000 inhabitants per day,AUS,Australia,2007,2007,76.9,D,Difference in methodology
PHARDEPR,N06A-Antidepressants,NBPYEANB,Defined daily dosage per 1 000 inhabitants per day,AUS,Australia,2008,2008,79.7,D,Difference in methodology
PHARDEPR,N06A-Antidepressants,NBPYEANB,Defined daily dosage per 1 000 inhabitants per day,AUS,Australia,2009,2009,79.9,D,Difference in methodology
PHARDEPR,N06A-Antidepressants,NBPYEANB,Defined daily dosage per 1 000 inhabitants per day,AUS,Australia,2010,2010,80.4,D,Difference in methodology
PHARDEPR,N06A-Antidepressants,NBPYEANB,Defined daily dosage per 1 000 inhabitants per day,AUS,Australia,2011,2011,88.9,D,Difference in methodology
PHARDEPR,N06A-Antidepressants,NBPYEANB,Defined daily dosage per 1 000 inhabitants per day,AUS,Australia,2012,2012,91.7,D,Difference in methodology
PHARDEPR,N06A-Antidepressants,NBPYEANB,Defined daily dosage per 1 000 inhabitants per day,AUS,Australia,2013,2013,96.2,B; D,Break; Difference in methodology
PHARDEPR,N06A-Antidepressants,NBPYEANB,Defined daily dosage per 1 000 inhabitants per day,AUS,Australia,2014,2014,100.7,D,Difference in methodology
PHARDEPR,N06A-Antidepressants,NBPYEANB,Defined daily dosage per 1 000 inhabitants per day,AUS,Australia,2015,2015,104.1,D,Difference in methodology
PHARDEPR,N06A-Antidepressants,NBPYEANB,Defined daily dosage per 1 000 inhabitants per day,AUS,Australia,2016,2016,106.5,D,Difference in methodology
PHARDEPR,N06A-Antidepressants,NBPYEANB,Defined daily dosage per 1 000 inhabitants per day,AUS,Australia,2017,2017,109.3,D,Difference in methodology
PHARDEPR,N06A-Antidepressants,NBPYEANB,Defined daily dosage per 1 000 inhabitants per day,AUS,Australia,2018,2018,112.2,D,Difference in methodology
PHARDEPR,N06A-Antidepressants,NBPYEANB,Defined daily dosage per 1 000 inhabitants per day,AUS,Australia,2019,2019,115.6,D,Difference in methodology
PHARDEPR,N06A-Antidepressants,NBPYEANB,Defined daily dosage per 1 000 inhabitants per day,AUT,Austria,2010,2010,54.2,D,Difference in methodology
PHARDEPR,N06A-Antidepressants,NBPYEANB,Defined daily dosage per 1 000 inhabitants per day,AUT,Austria,2011,2011,57,D,Difference in methodology
PHARDEPR,N06A-Antidepressants,NBPYEANB,Defined daily dosage per 1 000 inhabitants per day,AUT,Austria,2012,2012,58,D,Difference in methodology
PHARDEPR,N06A-Antidepressants,NBPYEANB,Defined daily dosage per 1 000 inhabitants per day,AUT,Austria,2013,2013,59.3,D,Difference in methodology
PHARDEPR,N06A-Antidepressants,NBPYEANB,Defined daily dosage per 1 000 inhabitants per day,AUT,Austria,2014,2014,60.3,D,Difference in methodology
PHARDEPR,N06A-Antidepressants,NBPYEANB,Defined daily dosage per 1 000 inhabitants per day,AUT,Austria,2015,2015,60.3,D,Difference in methodology
PHARDEPR,N06A-Antidepressants,NBPYEANB,Defined daily dosage per 1 000 inhabitants per day,AUT,Austria,2016,2016,60.5,D,Difference in methodology
PHARDEPR,N06A-Antidepressants,NBPYEANB,Defined daily dosage per 1 000 inhabitants per day,AUT,Austria,2017,2017,61,D,Difference in methodology
PHARDEPR,N06A-Antidepressants,NBPYEANB,Defined daily dosage per 1 000 inhabitants per day,AUT,Austria,2018,2018,61.3,D,Difference in methodology
PHARDEPR,N06A-Antidepressants,NBPYEANB,Defined daily dosage per 1 000 inhabitants per day,AUT,Austria,2019,2019,62,D,Difference in methodology
PHARDEPR,N06A-Antidepressants,NBPYEANB,Defined daily dosage per 1 000 inhabitants per day,BEL,Belgium,2000,2000,38.8,D,Difference in methodology
PHARDEPR,N06A-Antidepressants,NBPYEANB,Defined daily dosage per 1 000 inhabitants per day,BEL,Belgium,2001,2001,42,D,Difference in methodology
PHARDEPR,N06A-Antidepressants,NBPYEANB,Defined daily dosage per 1 000 inhabitants per day,BEL,Belgium,2002,2002,45.7,D,Difference in methodology
PHARDEPR,N06A-Antidepressants,NBPYEANB,Defined daily dosage per 1 000 inhabitants per day,BEL,Belgium,2003,2003,48.6,D,Difference in methodology
PHARDEPR,N06A-Antidepressants,NBPYEANB,Defined daily dosage per 1 000 inhabitants per day,BEL,Belgium,2004,2004,52.7,D,Difference in methodology
PHARDEPR,N06A-Antidepressants,NBPYEANB,Defined daily dosage per 1 000 inhabitants per day,BEL,Belgium,2005,2005,53.5,D,Difference in methodology
PHARDEPR,N06A-Antidepressants,NBPYEANB,Defined daily dosage per 1 000 inhabitants per day,BEL,Belgium,2006,2006,55.7,D,Difference in methodology
PHARDEPR,N06A-Antidepressants,NBPYEANB,Defined daily dosage per 1 000 inhabitants per day,BEL,Belgium,2007,2007,58.6,D,Difference in methodology
PHARDEPR,N06A-Antidepressants,NBPYEANB,Defined daily dosage per 1 000 inhabitants per day,BEL,Belgium,2008,2008,64.5,B; D,Break; Difference in methodology
PHARDEPR,N06A-Antidepressants,NBPYEANB,Defined daily dosage per 1 000 inhabitants per day,BEL,Belgium,2009,2009,66.8,D,Difference in methodology
PHARDEPR,N06A-Antidepressants,NBPYEANB,Defined daily dosage per 1 000 inhabitants per day,BEL,Belgium,2010,2010,68.7,D,Difference in methodology
PHARDEPR,N06A-Antidepressants,NBPYEANB,Defined daily dosage per 1 000 inhabitants per day,BEL,Belgium,2011,2011,70,D,Difference in methodology
PHARDEPR,N06A-Antidepressants,NBPYEANB,Defined daily dosage per 1 000 inhabitants per day,BEL,Belgium,2012,2012,70.4,D,Difference in methodology
PHARDEPR,N06A-Antidepressants,NBPYEANB,Defined daily dosage per 1 000 inhabitants per day,BEL,Belgium,2013,2013,72.1,D,Difference in methodology
PHARDEPR,N06A-Antidepressants,NBPYEANB,Defined daily dosage per 1 000 inhabitants per day,BEL,Belgium,2014,2014,74.9,D,Difference in methodology
PHARDEPR,N06A-Antidepressants,NBPYEANB,Defined daily dosage per 1 000 inhabitants per day,BEL,Belgium,2015,2015,77.5,D,Difference in methodology
PHARDEPR,N06A-Antidepressants,NBPYEANB,Defined daily dosage per 1 000 inhabitants per day,BEL,Belgium,2016,2016,79,D,Difference in methodology
PHARDEPR,N06A-Antidepressants,NBPYEANB,Defined daily dosage per 1 000 inhabitants per day,BEL,Belgium,2017,2017,78.8,D,Difference in methodology
PHARDEPR,N06A-Antidepressants,NBPYEANB,Defined daily dosage per 1 000 inhabitants per day,BEL,Belgium,2018,2018,79.7,D,Difference in methodology
PHARDEPR,N06A-Antidepressants,NBPYEANB,Defined daily dosage per 1 000 inhabitants per day,BEL,Belgium,2019,2019,81.9,D,Difference in methodology
PHARDEPR,N06A-Antidepressants,NBPYEANB,Defined daily dosage per 1 000 inhabitants per day,CAN,Canada,2007,2007,71.5,D,Difference in methodology
PHARDEPR,N06A-Antidepressants,NBPYEANB,Defined daily dosage per 1 000 inhabitants per day,CAN,Canada,2008,2008,71.9,D,Difference in methodology
PHARDEPR,N06A-Antidepressants,NBPYEANB,Defined daily dosage per 1 000 inhabitants per day,CAN,Canada,2009,2009,74.1,D,Difference in methodology
PHARDEPR,N06A-Antidepressants,NBPYEANB,Defined daily dosage per 1 000 inhabitants per day,CAN,Canada,2010,2010,78.8,D,Difference in methodology
PHARDEPR,N06A-Antidepressants,NBPYEANB,Defined daily dosage per 1 000 inhabitants per day,CAN,Canada,2011,2011,82.7,D,Difference in methodology
PHARDEPR,N06A-Antidepressants,NBPYEANB,Defined daily dosage per 1 000 inhabitants per day,CAN,Canada,2012,2012,83.7,D,Difference in methodology
PHARDEPR,N06A-Antidepressants,NBPYEANB,Defined daily dosage per 1 000 inhabitants per day,CAN,Canada,2013,2013,85,D,Difference in methodology
PHARDEPR,N06A-Antidepressants,NBPYEANB,Defined daily dosage per 1 000 inhabitants per day,CAN,Canada,2014,2014,87.4,D,Difference in methodology
PHARDEPR,N06A-Antidepressants,NBPYEANB,Defined daily dosage per 1 000 inhabitants per day,CAN,Canada,2015,2015,90.1,D,Difference in methodology
PHARDEPR,N06A-Antidepressants,NBPYEANB,Defined daily dosage per 1 000 inhabitants per day,CAN,Canada,2016,2016,106.6,B; D,Break; Difference in methodology
PHARDEPR,N06A-Antidepressants,NBPYEANB,Defined daily dosage per 1 000 inhabitants per day,CAN,Canada,2017,2017,110.6,D,Difference in methodology
PHARDEPR,N06A-Antidepressants,NBPYEANB,Defined daily dosage per 1 000 inhabitants per day,CAN,Canada,2018,2018,114.4,D,Difference in methodology
PHARDEPR,N06A-Antidepressants,NBPYEANB,Defined daily dosage per 1 000 inhabitants per day,CAN,Canada,2019,2019,121.5,E; D,Estimated value; Difference in methodology
PHARDEPR,N06A-Antidepressants,NBPYEANB,Defined daily dosage per 1 000 inhabitants per day,CZE,Czech Republic,2000,2000,9.7,,
PHARDEPR,N06A-Antidepressants,NBPYEANB,Defined daily dosage per 1 000 inhabitants per day,CZE,Czech Republic,2001,2001,12,,
PHARDEPR,N06A-Antidepressants,NBPYEANB,Defined daily dosage per 1 000 inhabitants per day,CZE,Czech Republic,2002,2002,14.1,,
PHARDEPR,N06A-Antidepressants,NBPYEANB,Defined daily dosage per 1 000 inhabitants per day,CZE,Czech Republic,2003,2003,16.9,,
PHARDEPR,N06A-Antidepressants,NBPYEANB,Defined daily dosage per 1 000 inhabitants per day,CZE,Czech Republic,2004,2004,20.2,,
PHARDEPR,N06A-Antidepressants,NBPYEANB,Defined daily dosage per 1 000 inhabitants per day,CZE,Czech Republic,2005,2005,26.7,,
PHARDEPR,N06A-Antidepressants,NBPYEANB,Defined daily dosage per 1 000 inhabitants per day,CZE,Czech Republic,2006,2006,29,,
PHARDEPR,N06A-Antidepressants,NBPYEANB,Defined daily dosage per 1 000 inhabitants per day,CZE,Czech Republic,2007,2007,35,,
PHARDEPR,N06A-Antidepressants,NBPYEANB,Defined daily dosage per 1 000 inhabitants per day,CZE,Czech Republic,2008,2008,35.9,,
PHARDEPR,N06A-Antidepressants,NBPYEANB,Defined daily dosage per 1 000 inhabitants per day,CZE,Czech Republic,2009,2009,38.3,,
PHARDEPR,N06A-Antidepressants,NBPYEANB,Defined daily dosage per 1 000 inhabitants per day,CZE,Czech Republic,2010,2010,41.6,,
PHARDEPR,N06A-Antidepressants,NBPYEANB,Defined daily dosage per 1 000 inhabitants per day,CZE,Czech Republic,2011,2011,44.1,,
PHARDEPR,N06A-Antidepressants,NBPYEANB,Defined daily dosage per 1 000 inhabitants per day,CZE,Czech Republic,2012,2012,46.2,,
PHARDEPR,N06A-Antidepressants,NBPYEANB,Defined daily dosage per 1 000 inhabitants per day,CZE,Czech Republic,2013,2013,49,,
PHARDEPR,N06A-Antidepressants,NBPYEANB,Defined daily dosage per 1 000 inhabitants per day,CZE,Czech Republic,2014,2014,52.7,,
PHARDEPR,N06A-Antidepressants,NBPYEANB,Defined daily dosage per 1 000 inhabitants per day,CZE,Czech Republic,2015,2015,55,,
PHARDEPR,N06A-Antidepressants,NBPYEANB,Defined daily dosage per 1 000 inhabitants per day,CZE,Czech Republic,2016,2016,57.1,,
PHARDEPR,N06A-Antidepressants,NBPYEANB,Defined daily dosage per 1 000 inhabitants per day,CZE,Czech Republic,2017,2017,59.9,,
PHARDEPR,N06A-Antidepressants,NBPYEANB,Defined daily dosage per 1 000 inhabitants per day,CZE,Czech Republic,2018,2018,61.4,,
PHARDEPR,N06A-Antidepressants,NBPYEANB,Defined daily dosage per 1 000 inhabitants per day,CZE,Czech Republic,2019,2019,64.4,,
PHARDEPR,N06A-Antidepressants,NBPYEANB,Defined daily dosage per 1 000 inhabitants per day,DNK,Denmark,2000,2000,35.2,,
PHARDEPR,N06A-Antidepressants,NBPYEANB,Defined daily dosage per 1 000 inhabitants per day,DNK,Denmark,2001,2001,42,,
PHARDEPR,N06A-Antidepressants,NBPYEANB,Defined daily dosage per 1 000 inhabitants per day,DNK,Denmark,2002,2002,46.9,,
PHARDEPR,N06A-Antidepressants,NBPYEANB,Defined daily dosage per 1 000 inhabitants per day,DNK,Denmark,2003,2003,52.7,,
PHARDEPR,N06A-Antidepressants,NBPYEANB,Defined daily dosage per 1 000 inhabitants per day,DNK,Denmark,2004,2004,55.4,,
PHARDEPR,N06A-Antidepressants,NBPYEANB,Defined daily dosage per 1 000 inhabitants per day,DNK,Denmark,2005,2005,60.1,,
PHARDEPR,N06A-Antidepressants,NBPYEANB,Defined daily dosage per 1 000 inhabitants per day,DNK,Denmark,2006,2006,64.9,,
PHARDEPR,N06A-Antidepressants,NBPYEANB,Defined daily dosage per 1 000 inhabitants per day,DNK,Denmark,2007,2007,70,,
PHARDEPR,N06A-Antidepressants,NBPYEANB,Defined daily dosage per 1 000 inhabitants per day,DNK,Denmark,2008,2008,73.6,,
PHARDEPR,N06A-Antidepressants,NBPYEANB,Defined daily dosage per 1 000 inhabitants per day,DNK,Denmark,2009,2009,78.3,,
PHARDEPR,N06A-Antidepressants,NBPYEANB,Defined daily dosage per 1 000 inhabitants per day,DNK,Denmark,2010,2010,84,,
PHARDEPR,N06A-Antidepressants,NBPYEANB,Defined daily dosage per 1 000 inhabitants per day,DNK,Denmark,2011,2011,85.2,,
PHARDEPR,N06A-Antidepressants,NBPYEANB,Defined daily dosage per 1 000 inhabitants per day,DNK,Denmark,2012,2012,83.2,,
PHARDEPR,N06A-Antidepressants,NBPYEANB,Defined daily dosage per 1 000 inhabitants per day,DNK,Denmark,2013,2013,80,,
PHARDEPR,N06A-Antidepressants,NBPYEANB,Defined daily dosage per 1 000 inhabitants per day,DNK,Denmark,2014,2014,76.7,,
PHARDEPR,N06A-Antidepressants,NBPYEANB,Defined daily dosage per 1 000 inhabitants per day,DNK,Denmark,2015,2015,77,,
PHARDEPR,N06A-Antidepressants,NBPYEANB,Defined daily dosage per 1 000 inhabitants per day,DNK,Denmark,2016,2016,76.4,,
PHARDEPR,N06A-Antidepressants,NBPYEANB,Defined daily dosage per 1 000 inhabitants per day,DNK,Denmark,2017,2017,75.7,,
PHARDEPR,N06A-Antidepressants,NBPYEANB,Defined daily dosage per 1 000 inhabitants per day,FIN,Finland,2000,2000,35.5,,
PHARDEPR,N06A-Antidepressants,NBPYEANB,Defined daily dosage per 1 000 inhabitants per day,FIN,Finland,2001,2001,39.4,,
PHARDEPR,N06A-Antidepressants,NBPYEANB,Defined daily dosage per 1 000 inhabitants per day,FIN,Finland,2002,2002,43.1,,
PHARDEPR,N06A-Antidepressants,NBPYEANB,Defined daily dosage per 1 000 inhabitants per day,FIN,Finland,2003,2003,45.9,,
PHARDEPR,N06A-Antidepressants,NBPYEANB,Defined daily dosage per 1 000 inhabitants per day,FIN,Finland,2004,2004,49.1,,
PHARDEPR,N06A-Antidepressants,NBPYEANB,Defined daily dosage per 1 000 inhabitants per day,FIN,Finland,2005,2005,52.1,,
PHARDEPR,N06A-Antidepressants,NBPYEANB,Defined daily dosage per 1 000 inhabitants per day,FIN,Finland,2006,2006,55.5,,
PHARDEPR,N06A-Antidepressants,NBPYEANB,Defined daily dosage per 1 000 inhabitants per day,FIN,Finland,2007,2007,61.1,,
PHARDEPR,N06A-Antidepressants,NBPYEANB,Defined daily dosage per 1 000 inhabitants per day,FIN,Finland,2008,2008,63.9,,
PHARDEPR,N06A-Antidepressants,NBPYEANB,Defined daily dosage per 1 000 inhabitants per day,FIN,Finland,2009,2009,66.4,,
PHARDEPR,N06A-Antidepressants,NBPYEANB,Defined daily dosage per 1 000 inhabitants per day,FIN,Finland,2010,2010,68.8,,
PHARDEPR,N06A-Antidepressants,NBPYEANB,Defined daily dosage per 1 000 inhabitants per day,FIN,Finland,2011,2011,70.2,,
PHARDEPR,N06A-Antidepressants,NBPYEANB,Defined daily dosage per 1 000 inhabitants per day,FIN,Finland,2012,2012,69.8,,
PHARDEPR,N06A-Antidepressants,NBPYEANB,Defined daily dosage per 1 000 inhabitants per day,FIN,Finland,2013,2013,69.4,,
PHARDEPR,N06A-Antidepressants,NBPYEANB,Defined daily dosage per 1 000 inhabitants per day,FIN,Finland,2014,2014,68.8,,
PHARDEPR,N06A-Antidepressants,NBPYEANB,Defined daily dosage per 1 000 inhabitants per day,FIN,Finland,2015,2015,68.2,,
PHARDEPR,N06A-Antidepressants,NBPYEANB,Defined daily dosage per 1 000 inhabitants per day,FIN,Finland,2016,2016,67.6,,
PHARDEPR,N06A-Antidepressants,NBPYEANB,Defined daily dosage per 1 000 inhabitants per day,FIN,Finland,2017,2017,70.2,,
PHARDEPR,N06A-Antidepressants,NBPYEANB,Defined daily dosage per 1 000 inhabitants per day,FIN,Finland,2018,2018,74.8,,
PHARDEPR,N06A-Antidepressants,NBPYEANB,Defined daily dosage per 1 000 inhabitants per day,FRA,France,2000,2000,39.5,,
PHARDEPR,N06A-Antidepressants,NBPYEANB,Defined daily dosage per 1 000 inhabitants per day,FRA,France,2001,2001,42.3,,
PHARDEPR,N06A-Antidepressants,NBPYEANB,Defined daily dosage per 1 000 inhabitants per day,FRA,France,2002,2002,45.1,,
PHARDEPR,N06A-Antidepressants,NBPYEANB,Defined daily dosage per 1 000 inhabitants per day,FRA,France,2003,2003,46.4,,
PHARDEPR,N06A-Antidepressants,NBPYEANB,Defined daily dosage per 1 000 inhabitants per day,FRA,France,2004,2004,49.4,,
PHARDEPR,N06A-Antidepressants,NBPYEANB,Defined daily dosage per 1 000 inhabitants per day,FRA,France,2005,2005,49.8,,
PHARDEPR,N06A-Antidepressants,NBPYEANB,Defined daily dosage per 1 000 inhabitants per day,FRA,France,2006,2006,48.7,,
PHARDEPR,N06A-Antidepressants,NBPYEANB,Defined daily dosage per 1 000 inhabitants per day,FRA,France,2007,2007,50.1,,
PHARDEPR,N06A-Antidepressants,NBPYEANB,Defined daily dosage per 1 000 inhabitants per day,FRA,France,2008,2008,50.4,,
PHARDEPR,N06A-Antidepressants,NBPYEANB,Defined daily dosage per 1 000 inhabitants per day,FRA,France,2009,2009,49.8,,
PHARDEPR,N06A-Antidepressants,NBPYEANB,Defined daily dosage per 1 000 inhabitants per day,DEU,Germany,2000,2000,20.7,D,Difference in methodology
PHARDEPR,N06A-Antidepressants,NBPYEANB,Defined daily dosage per 1 000 inhabitants per day,DEU,Germany,2001,2001,22.6,D,Difference in methodology
PHARDEPR,N06A-Antidepressants,NBPYEANB,Defined daily dosage per 1 000 inhabitants per day,DEU,Germany,2002,2002,24.3,D,Difference in methodology
PHARDEPR,N06A-Antidepressants,NBPYEANB,Defined daily dosage per 1 000 inhabitants per day,DEU,Germany,2003,2003,26.4,D,Difference in methodology
PHARDEPR,N06A-Antidepressants,NBPYEANB,Defined daily dosage per 1 000 inhabitants per day,DEU,Germany,2004,2004,25.5,B; D,Break; Difference in methodology
PHARDEPR,N06A-Antidepressants,NBPYEANB,Defined daily dosage per 1 000 inhabitants per day,DEU,Germany,2005,2005,28.4,D,Difference in methodology
PHARDEPR,N06A-Antidepressants,NBPYEANB,Defined daily dosage per 1 000 inhabitants per day,DEU,Germany,2006,2006,30.1,D,Difference in methodology
PHARDEPR,N06A-Antidepressants,NBPYEANB,Defined daily dosage per 1 000 inhabitants per day,DEU,Germany,2007,2007,34.3,D,Difference in methodology
PHARDEPR,N06A-Antidepressants,NBPYEANB,Defined daily dosage per 1 000 inhabitants per day,DEU,Germany,2008,2008,38.2,D,Difference in methodology
PHARDEPR,N06A-Antidepressants,NBPYEANB,Defined daily dosage per 1 000 inhabitants per day,DEU,Germany,2009,2009,41.8,D,Difference in methodology
PHARDEPR,N06A-Antidepressants,NBPYEANB,Defined daily dosage per 1 000 inhabitants per day,DEU,Germany,2010,2010,46.7,D,Difference in methodology
PHARDEPR,N06A-Antidepressants,NBPYEANB,Defined daily dosage per 1 000 inhabitants per day,DEU,Germany,2011,2011,50,D,Difference in methodology
PHARDEPR,N06A-Antidepressants,NBPYEANB,Defined daily dosage per 1 000 inhabitants per day,DEU,Germany,2012,2012,51.9,D,Difference in methodology
PHARDEPR,N06A-Antidepressants,NBPYEANB,Defined daily dosage per 1 000 inhabitants per day,DEU,Germany,2013,2013,53.1,D,Difference in methodology
PHARDEPR,N06A-Antidepressants,NBPYEANB,Defined daily dosage per 1 000 inhabitants per day,DEU,Germany,2014,2014,55.1,D,Difference in methodology
PHARDEPR,N06A-Antidepressants,NBPYEANB,Defined daily dosage per 1 000 inhabitants per day,DEU,Germany,2015,2015,56.4,D,Difference in methodology
PHARDEPR,N06A-Antidepressants,NBPYEANB,Defined daily dosage per 1 000 inhabitants per day,DEU,Germany,2016,2016,56.5,D,Difference in methodology
PHARDEPR,N06A-Antidepressants,NBPYEANB,Defined daily dosage per 1 000 inhabitants per day,DEU,Germany,2017,2017,56.9,D,Difference in methodology
PHARDEPR,N06A-Antidepressants,NBPYEANB,Defined daily dosage per 1 000 inhabitants per day,DEU,Germany,2018,2018,58.5,D,Difference in methodology
PHARDEPR,N06A-Antidepressants,NBPYEANB,Defined daily dosage per 1 000 inhabitants per day,DEU,Germany,2019,2019,60.3,D,Difference in methodology
PHARDEPR,N06A-Antidepressants,NBPYEANB,Defined daily dosage per 1 000 inhabitants per day,GRC,Greece,2000,2000,18.9,,
PHARDEPR,N06A-Antidepressants,NBPYEANB,Defined daily dosage per 1 000 inhabitants per day,GRC,Greece,2001,2001,23.1,,
PHARDEPR,N06A-Antidepressants,NBPYEANB,Defined daily dosage per 1 000 inhabitants per day,GRC,Greece,2002,2002,27.6,,
PHARDEPR,N06A-Antidepressants,NBPYEANB,Defined daily dosage per 1 000 inhabitants per day,GRC,Greece,2003,2003,33.1,,
PHARDEPR,N06A-Antidepressants,NBPYEANB,Defined daily dosage per 1 000 inhabitants per day,GRC,Greece,2004,2004,35.8,,
PHARDEPR,N06A-Antidepressants,NBPYEANB,Defined daily dosage per 1 000 inhabitants per day,GRC,Greece,2013,2013,44.7,B; D,Break; Difference in methodology
PHARDEPR,N06A-Antidepressants,NBPYEANB,Defined daily dosage per 1 000 inhabitants per day,GRC,Greece,2014,2014,44.6,D,Difference in methodology
PHARDEPR,N06A-Antidepressants,NBPYEANB,Defined daily dosage per 1 000 inhabitants per day,GRC,Greece,2015,2015,48.1,D,Difference in methodology
PHARDEPR,N06A-Antidepressants,NBPYEANB,Defined daily dosage per 1 000 inhabitants per day,GRC,Greece,2017,2017,55.1,D,Difference in methodology
PHARDEPR,N06A-Antidepressants,NBPYEANB,Defined daily dosage per 1 000 inhabitants per day,GRC,Greece,2018,2018,58,D,Difference in methodology
PHARDEPR,N06A-Antidepressants,NBPYEANB,Defined daily dosage per 1 000 inhabitants per day,GRC,Greece,2019,2019,61,D,Difference in methodology
PHARDEPR,N06A-Antidepressants,NBPYEANB,Defined daily dosage per 1 000 inhabitants per day,GRC,Greece,2020,2020,65.8,D,Difference in methodology
PHARDEPR,N06A-Antidepressants,NBPYEANB,Defined daily dosage per 1 000 inhabitants per day,HUN,Hungary,2000,2000,13.5,D,Difference in methodology
PHARDEPR,N06A-Antidepressants,NBPYEANB,Defined daily dosage per 1 000 inhabitants per day,HUN,Hungary,2001,2001,15.6,D,Difference in methodology
PHARDEPR,N06A-Antidepressants,NBPYEANB,Defined daily dosage per 1 000 inhabitants per day,HUN,Hungary,2002,2002,17.5,D,Difference in methodology
PHARDEPR,N06A-Antidepressants,NBPYEANB,Defined daily dosage per 1 000 inhabitants per day,HUN,Hungary,2003,2003,20.2,D,Difference in methodology
PHARDEPR,N06A-Antidepressants,NBPYEANB,Defined daily dosage per 1 000 inhabitants per day,HUN,Hungary,2004,2004,19.9,D,Difference in methodology
PHARDEPR,N06A-Antidepressants,NBPYEANB,Defined daily dosage per 1 000 inhabitants per day,HUN,Hungary,2005,2005,22.5,D,Difference in methodology
PHARDEPR,N06A-Antidepressants,NBPYEANB,Defined daily dosage per 1 000 inhabitants per day,HUN,Hungary,2006,2006,24,D,Difference in methodology
PHARDEPR,N06A-Antidepressants,NBPYEANB,Defined daily dosage per 1 000 inhabitants per day,HUN,Hungary,2007,2007,23.5,B; D,Break; Difference in methodology
PHARDEPR,N06A-Antidepressants,NBPYEANB,Defined daily dosage per 1 000 inhabitants per day,HUN,Hungary,2008,2008,24.5,D,Difference in methodology
PHARDEPR,N06A-Antidepressants,NBPYEANB,Defined daily dosage per 1 000 inhabitants per day,HUN,Hungary,2009,2009,25.5,D,Difference in methodology
PHARDEPR,N06A-Antidepressants,NBPYEANB,Defined daily dosage per 1 000 inhabitants per day,HUN,Hungary,2010,2010,26.4,D,Difference in methodology
PHARDEPR,N06A-Antidepressants,NBPYEANB,Defined daily dosage per 1 000 inhabitants per day,HUN,Hungary,2011,2011,27.3,D,Difference in methodology
PHARDEPR,N06A-Antidepressants,NBPYEANB,Defined daily dosage per 1 000 inhabitants per day,HUN,Hungary,2012,2012,26.8,D,Difference in methodology
PHARDEPR,N06A-Antidepressants,NBPYEANB,Defined daily dosage per 1 000 inhabitants per day,HUN,Hungary,2013,2013,27.5,D,Difference in methodology
PHARDEPR,N06A-Antidepressants,NBPYEANB,Defined daily dosage per 1 000 inhabitants per day,HUN,Hungary,2014,2014,27.7,D,Difference in methodology
PHARDEPR,N06A-Antidepressants,NBPYEANB,Defined daily dosage per 1 000 inhabitants per day,HUN,Hungary,2015,2015,28.3,D,Difference in methodology
PHARDEPR,N06A-Antidepressants,NBPYEANB,Defined daily dosage per 1 000 inhabitants per day,HUN,Hungary,2016,2016,28.4,D,Difference in methodology
PHARDEPR,N06A-Antidepressants,NBPYEANB,Defined daily dosage per 1 000 inhabitants per day,HUN,Hungary,2017,2017,28.8,D,Difference in methodology
PHARDEPR,N06A-Antidepressants,NBPYEANB,Defined daily dosage per 1 000 inhabitants per day,HUN,Hungary,2018,2018,29.3,D,Difference in methodology
PHARDEPR,N06A-Antidepressants,NBPYEANB,Defined daily dosage per 1 000 inhabitants per day,HUN,Hungary,2019,2019,29.5,D,Difference in methodology
PHARDEPR,N06A-Antidepressants,NBPYEANB,Defined daily dosage per 1 000 inhabitants per day,HUN,Hungary,2020,2020,30.4,D,Difference in methodology
PHARDEPR,N06A-Antidepressants,NBPYEANB,Defined daily dosage per 1 000 inhabitants per day,ISL,Iceland,2000,2000,70.5,,
PHARDEPR,N06A-Antidepressants,NBPYEANB,Defined daily dosage per 1 000 inhabitants per day,ISL,Iceland,2001,2001,78.3,,
PHARDEPR,N06A-Antidepressants,NBPYEANB,Defined daily dosage per 1 000 inhabitants per day,ISL,Iceland,2002,2002,84.8,,
PHARDEPR,N06A-Antidepressants,NBPYEANB,Defined daily dosage per 1 000 inhabitants per day,ISL,Iceland,2003,2003,90.5,,
PHARDEPR,N06A-Antidepressants,NBPYEANB,Defined daily dosage per 1 000 inhabitants per day,ISL,Iceland,2004,2004,91.9,,
PHARDEPR,N06A-Antidepressants,NBPYEANB,Defined daily dosage per 1 000 inhabitants per day,ISL,Iceland,2005,2005,94.8,,
PHARDEPR,N06A-Antidepressants,NBPYEANB,Defined daily dosage per 1 000 inhabitants per day,ISL,Iceland,2006,2006,92.6,,
PHARDEPR,N06A-Antidepressants,NBPYEANB,Defined daily dosage per 1 000 inhabitants per day,ISL,Iceland,2007,2007,95.4,,
PHARDEPR,N06A-Antidepressants,NBPYEANB,Defined daily dosage per 1 000 inhabitants per day,ISL,Iceland,2008,2008,94.7,,
PHARDEPR,N06A-Antidepressants,NBPYEANB,Defined daily dosage per 1 000 inhabitants per day,ISL,Iceland,2009,2009,98.3,,
PHARDEPR,N06A-Antidepressants,NBPYEANB,Defined daily dosage per 1 000 inhabitants per day,ISL,Iceland,2010,2010,101.3,,
PHARDEPR,N06A-Antidepressants,NBPYEANB,Defined daily dosage per 1 000 inhabitants per day,ISL,Iceland,2011,2011,103.8,B; D,Break; Difference in methodology
PHARDEPR,N06A-Antidepressants,NBPYEANB,Defined daily dosage per 1 000 inhabitants per day,ISL,Iceland,2012,2012,106.3,D,Difference in methodology
PHARDEPR,N06A-Antidepressants,NBPYEANB,Defined daily dosage per 1 000 inhabitants per day,ISL,Iceland,2013,2013,113.7,D,Difference in methodology
PHARDEPR,N06A-Antidepressants,NBPYEANB,Defined daily dosage per 1 000 inhabitants per day,ISL,Iceland,2014,2014,115.7,D,Difference in methodology
PHARDEPR,N06A-Antidepressants,NBPYEANB,Defined daily dosage per 1 000 inhabitants per day,ISL,Iceland,2015,2015,125.8,D,Difference in methodology
PHARDEPR,N06A-Antidepressants,NBPYEANB,Defined daily dosage per 1 000 inhabitants per day,ISL,Iceland,2016,2016,133,D,Difference in methodology
PHARDEPR,N06A-Antidepressants,NBPYEANB,Defined daily dosage per 1 000 inhabitants per day,ISL,Iceland,2017,2017,138.6,D,Difference in methodology
PHARDEPR,N06A-Antidepressants,NBPYEANB,Defined daily dosage per 1 000 inhabitants per day,ISL,Iceland,2018,2018,142,D,Difference in methodology
PHARDEPR,N06A-Antidepressants,NBPYEANB,Defined daily dosage per 1 000 inhabitants per day,ISL,Iceland,2019,2019,146,D,Difference in methodology
PHARDEPR,N06A-Antidepressants,NBPYEANB,Defined daily dosage per 1 000 inhabitants per day,ISL,Iceland,2020,2020,153.4,D,Difference in methodology
PHARDEPR,N06A-Antidepressants,NBPYEANB,Defined daily dosage per 1 000 inhabitants per day,ITA,Italy,2011,2011,38.4,,
PHARDEPR,N06A-Antidepressants,NBPYEANB,Defined daily dosage per 1 000 inhabitants per day,ITA,Italy,2012,2012,38.6,,
PHARDEPR,N06A-Antidepressants,NBPYEANB,Defined daily dosage per 1 000 inhabitants per day,ITA,Italy,2013,2013,39.1,,
PHARDEPR,N06A-Antidepressants,NBPYEANB,Defined daily dosage per 1 000 inhabitants per day,ITA,Italy,2014,2014,39.3,,
PHARDEPR,N06A-Antidepressants,NBPYEANB,Defined daily dosage per 1 000 inhabitants per day,ITA,Italy,2015,2015,39.6,,
PHARDEPR,N06A-Antidepressants,NBPYEANB,Defined daily dosage per 1 000 inhabitants per day,ITA,Italy,2016,2016,39.9,,
PHARDEPR,N06A-Antidepressants,NBPYEANB,Defined daily dosage per 1 000 inhabitants per day,ITA,Italy,2017,2017,40.4,,
PHARDEPR,N06A-Antidepressants,NBPYEANB,Defined daily dosage per 1 000 inhabitants per day,ITA,Italy,2018,2018,41.6,,
PHARDEPR,N06A-Antidepressants,NBPYEANB,Defined daily dosage per 1 000 inhabitants per day,ITA,Italy,2019,2019,42.4,,
PHARDEPR,N06A-Antidepressants,NBPYEANB,Defined daily dosage per 1 000 inhabitants per day,ITA,Italy,2020,2020,43,E,Estimated value
PHARDEPR,N06A-Antidepressants,NBPYEANB,Defined daily dosage per 1 000 inhabitants per day,KOR,Korea,2008,2008,7.9,,
PHARDEPR,N06A-Antidepressants,NBPYEANB,Defined daily dosage per 1 000 inhabitants per day,KOR,Korea,2009,2009,10.8,,
PHARDEPR,N06A-Antidepressants,NBPYEANB,Defined daily dosage per 1 000 inhabitants per day,KOR,Korea,2010,2010,11.3,,
PHARDEPR,N06A-Antidepressants,NBPYEANB,Defined daily dosage per 1 000 inhabitants per day,KOR,Korea,2011,2011,13.8,B,Break
PHARDEPR,N06A-Antidepressants,NBPYEANB,Defined daily dosage per 1 000 inhabitants per day,KOR,Korea,2012,2012,15.2,,
PHARDEPR,N06A-Antidepressants,NBPYEANB,Defined daily dosage per 1 000 inhabitants per day,KOR,Korea,2013,2013,17,,
PHARDEPR,N06A-Antidepressants,NBPYEANB,Defined daily dosage per 1 000 inhabitants per day,KOR,Korea,2014,2014,18,,
PHARDEPR,N06A-Antidepressants,NBPYEANB,Defined daily dosage per 1 000 inhabitants per day,KOR,Korea,2015,2015,20.3,,
PHARDEPR,N06A-Antidepressants,NBPYEANB,Defined daily dosage per 1 000 inhabitants per day,KOR,Korea,2016,2016,17.2,B,Break
PHARDEPR,N06A-Antidepressants,NBPYEANB,Defined daily dosage per 1 000 inhabitants per day,KOR,Korea,2017,2017,18.8,,
PHARDEPR,N06A-Antidepressants,NBPYEANB,Defined daily dosage per 1 000 inhabitants per day,KOR,Korea,2018,2018,21,,
PHARDEPR,N06A-Antidepressants,NBPYEANB,Defined daily dosage per 1 000 inhabitants per day,KOR,Korea,2019,2019,23.4,,
PHARDEPR,N06A-Antidepressants,NBPYEANB,Defined daily dosage per 1 000 inhabitants per day,LUX,Luxembourg,2003,2003,36.2,D,Difference in methodology
PHARDEPR,N06A-Antidepressants,NBPYEANB,Defined daily dosage per 1 000 inhabitants per day,LUX,Luxembourg,2004,2004,41.6,D,Difference in methodology
PHARDEPR,N06A-Antidepressants,NBPYEANB,Defined daily dosage per 1 000 inhabitants per day,LUX,Luxembourg,2005,2005,42.7,D,Difference in methodology
PHARDEPR,N06A-Antidepressants,NBPYEANB,Defined daily dosage per 1 000 inhabitants per day,LUX,Luxembourg,2006,2006,42.3,D,Difference in methodology
PHARDEPR,N06A-Antidepressants,NBPYEANB,Defined daily dosage per 1 000 inhabitants per day,LUX,Luxembourg,2007,2007,45.1,D,Difference in methodology
PHARDEPR,N06A-Antidepressants,NBPYEANB,Defined daily dosage per 1 000 inhabitants per day,LUX,Luxembourg,2008,2008,47,D,Difference in methodology
PHARDEPR,N06A-Antidepressants,NBPYEANB,Defined daily dosage per 1 000 inhabitants per day,LUX,Luxembourg,2009,2009,47.9,D,Difference in methodology
PHARDEPR,N06A-Antidepressants,NBPYEANB,Defined daily dosage per 1 000 inhabitants per day,LUX,Luxembourg,2010,2010,50.1,D,Difference in methodology
PHARDEPR,N06A-Antidepressants,NBPYEANB,Defined daily dosage per 1 000 inhabitants per day,LUX,Luxembourg,2011,2011,51.4,D,Difference in methodology
PHARDEPR,N06A-Antidepressants,NBPYEANB,Defined daily dosage per 1 000 inhabitants per day,LUX,Luxembourg,2012,2012,52,D,Difference in methodology
PHARDEPR,N06A-Antidepressants,NBPYEANB,Defined daily dosage per 1 000 inhabitants per day,LUX,Luxembourg,2013,2013,53.4,D,Difference in methodology
PHARDEPR,N06A-Antidepressants,NBPYEANB,Defined daily dosage per 1 000 inhabitants per day,LUX,Luxembourg,2014,2014,56,D,Difference in methodology
PHARDEPR,N06A-Antidepressants,NBPYEANB,Defined daily dosage per 1 000 inhabitants per day,LUX,Luxembourg,2015,2015,53.7,D,Difference in methodology
PHARDEPR,N06A-Antidepressants,NBPYEANB,Defined daily dosage per 1 000 inhabitants per day,LUX,Luxembourg,2016,2016,54.2,D,Difference in methodology
PHARDEPR,N06A-Antidepressants,NBPYEANB,Defined daily dosage per 1 000 inhabitants per day,LUX,Luxembourg,2017,2017,53,D,Difference in methodology
PHARDEPR,N06A-Antidepressants,NBPYEANB,Defined daily dosage per 1 000 inhabitants per day,LUX,Luxembourg,2018,2018,52.9,D,Difference in methodology
PHARDEPR,N06A-Antidepressants,NBPYEANB,Defined daily dosage per 1 000 inhabitants per day,LUX,Luxembourg,2019,2019,53.8,D; P,Difference in methodology; Provisional value
PHARDEPR,N06A-Antidepressants,NBPYEANB,Defined daily dosage per 1 000 inhabitants per day,LUX,Luxembourg,2020,2020,53.9,D; P,Difference in methodology; Provisional value
PHARDEPR,N06A-Antidepressants,NBPYEANB,Defined daily dosage per 1 000 inhabitants per day,NLD,Netherlands,2001,2001,31.4,D,Difference in methodology
PHARDEPR,N06A-Antidepressants,NBPYEANB,Defined daily dosage per 1 000 inhabitants per day,NLD,Netherlands,2002,2002,33.8,D,Difference in methodology
PHARDEPR,N06A-Antidepressants,NBPYEANB,Defined daily dosage per 1 000 inhabitants per day,NLD,Netherlands,2003,2003,35.5,D,Difference in methodology
PHARDEPR,N06A-Antidepressants,NBPYEANB,Defined daily dosage per 1 000 inhabitants per day,NLD,Netherlands,2004,2004,38.5,D,Difference in methodology
PHARDEPR,N06A-Antidepressants,NBPYEANB,Defined daily dosage per 1 000 inhabitants per day,NLD,Netherlands,2005,2005,39,D,Difference in methodology
PHARDEPR,N06A-Antidepressants,NBPYEANB,Defined daily dosage per 1 000 inhabitants per day,NLD,Netherlands,2006,2006,37.1,D,Difference in methodology
PHARDEPR,N06A-Antidepressants,NBPYEANB,Defined daily dosage per 1 000 inhabitants per day,NLD,Netherlands,2007,2007,39.9,D,Difference in methodology
PHARDEPR,N06A-Antidepressants,NBPYEANB,Defined daily dosage per 1 000 inhabitants per day,NLD,Netherlands,2008,2008,40.7,D,Difference in methodology
PHARDEPR,N06A-Antidepressants,NBPYEANB,Defined daily dosage per 1 000 inhabitants per day,NLD,Netherlands,2009,2009,39.7,D,Difference in methodology
PHARDEPR,N06A-Antidepressants,NBPYEANB,Defined daily dosage per 1 000 inhabitants per day,NLD,Netherlands,2010,2010,40.4,D,Difference in methodology
PHARDEPR,N06A-Antidepressants,NBPYEANB,Defined daily dosage per 1 000 inhabitants per day,NLD,Netherlands,2011,2011,41.6,D,Difference in methodology
PHARDEPR,N06A-Antidepressants,NBPYEANB,Defined daily dosage per 1 000 inhabitants per day,NLD,Netherlands,2012,2012,42.4,D,Difference in methodology
PHARDEPR,N06A-Antidepressants,NBPYEANB,Defined daily dosage per 1 000 inhabitants per day,NLD,Netherlands,2013,2013,43.3,D,Difference in methodology
PHARDEPR,N06A-Antidepressants,NBPYEANB,Defined daily dosage per 1 000 inhabitants per day,NLD,Netherlands,2014,2014,44.3,D,Difference in methodology
PHARDEPR,N06A-Antidepressants,NBPYEANB,Defined daily dosage per 1 000 inhabitants per day,NLD,Netherlands,2015,2015,45.5,D,Difference in methodology
PHARDEPR,N06A-Antidepressants,NBPYEANB,Defined daily dosage per 1 000 inhabitants per day,NLD,Netherlands,2016,2016,45.9,D,Difference in methodology
PHARDEPR,N06A-Antidepressants,NBPYEANB,Defined daily dosage per 1 000 inhabitants per day,NLD,Netherlands,2017,2017,46.2,D,Difference in methodology
PHARDEPR,N06A-Antidepressants,NBPYEANB,Defined daily dosage per 1 000 inhabitants per day,NLD,Netherlands,2018,2018,47.2,D,Difference in methodology
PHARDEPR,N06A-Antidepressants,NBPYEANB,Defined daily dosage per 1 000 inhabitants per day,NLD,Netherlands,2019,2019,47.9,D,Difference in methodology
PHARDEPR,N06A-Antidepressants,NBPYEANB,Defined daily dosage per 1 000 inhabitants per day,NZL,New Zealand,2014,2014,72.8,D,Difference in methodology
PHARDEPR,N06A-Antidepressants,NBPYEANB,Defined daily dosage per 1 000 inhabitants per day,NOR,Norway,2000,2000,40.9,,
PHARDEPR,N06A-Antidepressants,NBPYEANB,Defined daily dosage per 1 000 inhabitants per day,NOR,Norway,2001,2001,44.9,,
PHARDEPR,N06A-Antidepressants,NBPYEANB,Defined daily dosage per 1 000 inhabitants per day,NOR,Norway,2002,2002,48.8,,
PHARDEPR,N06A-Antidepressants,NBPYEANB,Defined daily dosage per 1 000 inhabitants per day,NOR,Norway,2003,2003,52.6,,
PHARDEPR,N06A-Antidepressants,NBPYEANB,Defined daily dosage per 1 000 inhabitants per day,NOR,Norway,2004,2004,52.3,,
PHARDEPR,N06A-Antidepressants,NBPYEANB,Defined daily dosage per 1 000 inhabitants per day,NOR,Norway,2005,2005,51.9,,
PHARDEPR,N06A-Antidepressants,NBPYEANB,Defined daily dosage per 1 000 inhabitants per day,NOR,Norway,2006,2006,52.8,,
PHARDEPR,N06A-Antidepressants,NBPYEANB,Defined daily dosage per 1 000 inhabitants per day,NOR,Norway,2007,2007,54.9,,
PHARDEPR,N06A-Antidepressants,NBPYEANB,Defined daily dosage per 1 000 inhabitants per day,NOR,Norway,2008,2008,55,,
PHARDEPR,N06A-Antidepressants,NBPYEANB,Defined daily dosage per 1 000 inhabitants per day,NOR,Norway,2009,2009,55.6,,
PHARDEPR,N06A-Antidepressants,NBPYEANB,Defined daily dosage per 1 000 inhabitants per day,NOR,Norway,2010,2010,56.5,,
PHARDEPR,N06A-Antidepressants,NBPYEANB,Defined daily dosage per 1 000 inhabitants per day,NOR,Norway,2011,2011,57.7,,
PHARDEPR,N06A-Antidepressants,NBPYEANB,Defined daily dosage per 1 000 inhabitants per day,NOR,Norway,2012,2012,57.5,,
PHARDEPR,N06A-Antidepressants,NBPYEANB,Defined daily dosage per 1 000 inhabitants per day,NOR,Norway,2013,2013,56.9,,
PHARDEPR,N06A-Antidepressants,NBPYEANB,Defined daily dosage per 1 000 inhabitants per day,NOR,Norway,2014,2014,57.1,,
PHARDEPR,N06A-Antidepressants,NBPYEANB,Defined daily dosage per 1 000 inhabitants per day,NOR,Norway,2015,2015,58,,
PHARDEPR,N06A-Antidepressants,NBPYEANB,Defined daily dosage per 1 000 inhabitants per day,NOR,Norway,2016,2016,57.6,,
PHARDEPR,N06A-Antidepressants,NBPYEANB,Defined daily dosage per 1 000 inhabitants per day,NOR,Norway,2017,2017,57.3,,
PHARDEPR,N06A-Antidepressants,NBPYEANB,Defined daily dosage per 1 000 inhabitants per day,NOR,Norway,2018,2018,56.2,,
PHARDEPR,N06A-Antidepressants,NBPYEANB,Defined daily dosage per 1 000 inhabitants per day,NOR,Norway,2019,2019,57.9,,
PHARDEPR,N06A-Antidepressants,NBPYEANB,Defined daily dosage per 1 000 inhabitants per day,NOR,Norway,2020,2020,58.7,,
PHARDEPR,N06A-Antidepressants,NBPYEANB,Defined daily dosage per 1 000 inhabitants per day,PRT,Portugal,2000,2000,32.4,D,Difference in methodology
PHARDEPR,N06A-Antidepressants,NBPYEANB,Defined daily dosage per 1 000 inhabitants per day,PRT,Portugal,2001,2001,37.2,D,Difference in methodology
PHARDEPR,N06A-Antidepressants,NBPYEANB,Defined daily dosage per 1 000 inhabitants per day,PRT,Portugal,2002,2002,41,D,Difference in methodology
PHARDEPR,N06A-Antidepressants,NBPYEANB,Defined daily dosage per 1 000 inhabitants per day,PRT,Portugal,2003,2003,42.5,D,Difference in methodology
PHARDEPR,N06A-Antidepressants,NBPYEANB,Defined daily dosage per 1 000 inhabitants per day,PRT,Portugal,2004,2004,48.1,D,Difference in methodology
PHARDEPR,N06A-Antidepressants,NBPYEANB,Defined daily dosage per 1 000 inhabitants per day,PRT,Portugal,2005,2005,51,D,Difference in methodology
PHARDEPR,N06A-Antidepressants,NBPYEANB,Defined daily dosage per 1 000 inhabitants per day,PRT,Portugal,2006,2006,57.1,D,Difference in methodology
PHARDEPR,N06A-Antidepressants,NBPYEANB,Defined daily dosage per 1 000 inhabitants per day,PRT,Portugal,2007,2007,65.5,D,Difference in methodology
PHARDEPR,N06A-Antidepressants,NBPYEANB,Defined daily dosage per 1 000 inhabitants per day,PRT,Portugal,2008,2008,72.9,D,Difference in methodology
PHARDEPR,N06A-Antidepressants,NBPYEANB,Defined daily dosage per 1 000 inhabitants per day,PRT,Portugal,2009,2009,75,D,Difference in methodology
PHARDEPR,N06A-Antidepressants,NBPYEANB,Defined daily dosage per 1 000 inhabitants per day,PRT,Portugal,2010,2010,78.7,D,Difference in methodology
PHARDEPR,N06A-Antidepressants,NBPYEANB,Defined daily dosage per 1 000 inhabitants per day,PRT,Portugal,2011,2011,78.3,D,Difference in methodology
PHARDEPR,N06A-Antidepressants,NBPYEANB,Defined daily dosage per 1 000 inhabitants per day,PRT,Portugal,2012,2012,84.5,D,Difference in methodology
PHARDEPR,N06A-Antidepressants,NBPYEANB,Defined daily dosage per 1 000 inhabitants per day,PRT,Portugal,2013,2013,87.5,D,Difference in methodology
PHARDEPR,N06A-Antidepressants,NBPYEANB,Defined daily dosage per 1 000 inhabitants per day,PRT,Portugal,2014,2014,92.1,D,Difference in methodology
PHARDEPR,N06A-Antidepressants,NBPYEANB,Defined daily dosage per 1 000 inhabitants per day,PRT,Portugal,2015,2015,95.1,D,Difference in methodology
PHARDEPR,N06A-Antidepressants,NBPYEANB,Defined daily dosage per 1 000 inhabitants per day,PRT,Portugal,2016,2016,99.5,D,Difference in methodology
PHARDEPR,N06A-Antidepressants,NBPYEANB,Defined daily dosage per 1 000 inhabitants per day,PRT,Portugal,2017,2017,103.8,D,Difference in methodology
PHARDEPR,N06A-Antidepressants,NBPYEANB,Defined daily dosage per 1 000 inhabitants per day,PRT,Portugal,2018,2018,109.3,D,Difference in methodology
PHARDEPR,N06A-Antidepressants,NBPYEANB,Defined daily dosage per 1 000 inhabitants per day,PRT,Portugal,2019,2019,123.7,D,Difference in methodology
PHARDEPR,N06A-Antidepressants,NBPYEANB,Defined daily dosage per 1 000 inhabitants per day,PRT,Portugal,2020,2020,131.1,D,Difference in methodology
PHARDEPR,N06A-Antidepressants,NBPYEANB,Defined daily dosage per 1 000 inhabitants per day,SVK,Slovak Republic,2000,2000,8.6,,
PHARDEPR,N06A-Antidepressants,NBPYEANB,Defined daily dosage per 1 000 inhabitants per day,SVK,Slovak Republic,2001,2001,10.9,,
PHARDEPR,N06A-Antidepressants,NBPYEANB,Defined daily dosage per 1 000 inhabitants per day,SVK,Slovak Republic,2002,2002,13.6,,
PHARDEPR,N06A-Antidepressants,NBPYEANB,Defined daily dosage per 1 000 inhabitants per day,SVK,Slovak Republic,2003,2003,13.9,,
PHARDEPR,N06A-Antidepressants,NBPYEANB,Defined daily dosage per 1 000 inhabitants per day,SVK,Slovak Republic,2004,2004,14.9,,
PHARDEPR,N06A-Antidepressants,NBPYEANB,Defined daily dosage per 1 000 inhabitants per day,SVK,Slovak Republic,2005,2005,18.1,,
PHARDEPR,N06A-Antidepressants,NBPYEANB,Defined daily dosage per 1 000 inhabitants per day,SVK,Slovak Republic,2006,2006,19.4,,
PHARDEPR,N06A-Antidepressants,NBPYEANB,Defined daily dosage per 1 000 inhabitants per day,SVK,Slovak Republic,2007,2007,22.7,,
PHARDEPR,N06A-Antidepressants,NBPYEANB,Defined daily dosage per 1 000 inhabitants per day,SVK,Slovak Republic,2008,2008,24.9,,
PHARDEPR,N06A-Antidepressants,NBPYEANB,Defined daily dosage per 1 000 inhabitants per day,SVK,Slovak Republic,2009,2009,27,,
PHARDEPR,N06A-Antidepressants,NBPYEANB,Defined daily dosage per 1 000 inhabitants per day,SVK,Slovak Republic,2010,2010,29,,
PHARDEPR,N06A-Antidepressants,NBPYEANB,Defined daily dosage per 1 000 inhabitants per day,SVK,Slovak Republic,2011,2011,30.7,,
PHARDEPR,N06A-Antidepressants,NBPYEANB,Defined daily dosage per 1 000 inhabitants per day,SVK,Slovak Republic,2012,2012,30.2,,
PHARDEPR,N06A-Antidepressants,NBPYEANB,Defined daily dosage per 1 000 inhabitants per day,SVK,Slovak Republic,2013,2013,35.2,,
PHARDEPR,N06A-Antidepressants,NBPYEANB,Defined daily dosage per 1 000 inhabitants per day,SVK,Slovak Republic,2014,2014,38.1,,
PHARDEPR,N06A-Antidepressants,NBPYEANB,Defined daily dosage per 1 000 inhabitants per day,SVK,Slovak Republic,2015,2015,40,,
PHARDEPR,N06A-Antidepressants,NBPYEANB,Defined daily dosage per 1 000 inhabitants per day,SVK,Slovak Republic,2016,2016,38.9,B,Break
PHARDEPR,N06A-Antidepressants,NBPYEANB,Defined daily dosage per 1 000 inhabitants per day,SVK,Slovak Republic,2017,2017,39.4,,
PHARDEPR,N06A-Antidepressants,NBPYEANB,Defined daily dosage per 1 000 inhabitants per day,SVK,Slovak Republic,2018,2018,41.1,,
PHARDEPR,N06A-Antidepressants,NBPYEANB,Defined daily dosage per 1 000 inhabitants per day,SVK,Slovak Republic,2019,2019,47.6,,
PHARDEPR,N06A-Antidepressants,NBPYEANB,Defined daily dosage per 1 000 inhabitants per day,ESP,Spain,2000,2000,28.2,D,Difference in methodology
PHARDEPR,N06A-Antidepressants,NBPYEANB,Defined daily dosage per 1 000 inhabitants per day,ESP,Spain,2001,2001,31.7,D,Difference in methodology
PHARDEPR,N06A-Antidepressants,NBPYEANB,Defined daily dosage per 1 000 inhabitants per day,ESP,Spain,2002,2002,36.1,D,Difference in methodology
PHARDEPR,N06A-Antidepressants,NBPYEANB,Defined daily dosage per 1 000 inhabitants per day,ESP,Spain,2003,2003,40.6,D,Difference in methodology
PHARDEPR,N06A-Antidepressants,NBPYEANB,Defined daily dosage per 1 000 inhabitants per day,ESP,Spain,2004,2004,44.1,D,Difference in methodology
PHARDEPR,N06A-Antidepressants,NBPYEANB,Defined daily dosage per 1 000 inhabitants per day,ESP,Spain,2005,2005,45,D,Difference in methodology
PHARDEPR,N06A-Antidepressants,NBPYEANB,Defined daily dosage per 1 000 inhabitants per day,ESP,Spain,2006,2006,49.2,D,Difference in methodology
PHARDEPR,N06A-Antidepressants,NBPYEANB,Defined daily dosage per 1 000 inhabitants per day,ESP,Spain,2007,2007,52.1,D,Difference in methodology
PHARDEPR,N06A-Antidepressants,NBPYEANB,Defined daily dosage per 1 000 inhabitants per day,ESP,Spain,2008,2008,55,D,Difference in methodology
PHARDEPR,N06A-Antidepressants,NBPYEANB,Defined daily dosage per 1 000 inhabitants per day,ESP,Spain,2009,2009,57.7,D,Difference in methodology
PHARDEPR,N06A-Antidepressants,NBPYEANB,Defined daily dosage per 1 000 inhabitants per day,ESP,Spain,2010,2010,61.2,D,Difference in methodology
PHARDEPR,N06A-Antidepressants,NBPYEANB,Defined daily dosage per 1 000 inhabitants per day,ESP,Spain,2011,2011,63.9,D,Difference in methodology
PHARDEPR,N06A-Antidepressants,NBPYEANB,Defined daily dosage per 1 000 inhabitants per day,ESP,Spain,2012,2012,64,D,Difference in methodology
PHARDEPR,N06A-Antidepressants,NBPYEANB,Defined daily dosage per 1 000 inhabitants per day,ESP,Spain,2013,2013,65.2,D,Difference in methodology
PHARDEPR,N06A-Antidepressants,NBPYEANB,Defined daily dosage per 1 000 inhabitants per day,ESP,Spain,2014,2014,71.3,B; D,Break; Difference in methodology
PHARDEPR,N06A-Antidepressants,NBPYEANB,Defined daily dosage per 1 000 inhabitants per day,ESP,Spain,2015,2015,73.1,D,Difference in methodology
PHARDEPR,N06A-Antidepressants,NBPYEANB,Defined daily dosage per 1 000 inhabitants per day,ESP,Spain,2016,2016,75.5,D,Difference in methodology
PHARDEPR,N06A-Antidepressants,NBPYEANB,Defined daily dosage per 1 000 inhabitants per day,ESP,Spain,2017,2017,77.2,D,Difference in methodology
PHARDEPR,N06A-Antidepressants,NBPYEANB,Defined daily dosage per 1 000 inhabitants per day,ESP,Spain,2018,2018,80.4,B,Break
PHARDEPR,N06A-Antidepressants,NBPYEANB,Defined daily dosage per 1 000 inhabitants per day,ESP,Spain,2019,2019,83.6,,
PHARDEPR,N06A-Antidepressants,NBPYEANB,Defined daily dosage per 1 000 inhabitants per day,ESP,Spain,2020,2020,86.2,P,Provisional value
PHARDEPR,N06A-Antidepressants,NBPYEANB,Defined daily dosage per 1 000 inhabitants per day,SWE,Sweden,2000,2000,44.8,,
PHARDEPR,N06A-Antidepressants,NBPYEANB,Defined daily dosage per 1 000 inhabitants per day,SWE,Sweden,2001,2001,50.9,,
PHARDEPR,N06A-Antidepressants,NBPYEANB,Defined daily dosage per 1 000 inhabitants per day,SWE,Sweden,2002,2002,53.7,,
PHARDEPR,N06A-Antidepressants,NBPYEANB,Defined daily dosage per 1 000 inhabitants per day,SWE,Sweden,2003,2003,62.2,,
PHARDEPR,N06A-Antidepressants,NBPYEANB,Defined daily dosage per 1 000 inhabitants per day,SWE,Sweden,2004,2004,64.3,,
PHARDEPR,N06A-Antidepressants,NBPYEANB,Defined daily dosage per 1 000 inhabitants per day,SWE,Sweden,2005,2005,66.1,,
PHARDEPR,N06A-Antidepressants,NBPYEANB,Defined daily dosage per 1 000 inhabitants per day,SWE,Sweden,2006,2006,69.7,,
PHARDEPR,N06A-Antidepressants,NBPYEANB,Defined daily dosage per 1 000 inhabitants per day,SWE,Sweden,2007,2007,72.1,,
PHARDEPR,N06A-Antidepressants,NBPYEANB,Defined daily dosage per 1 000 inhabitants per day,SWE,Sweden,2008,2008,73.7,,
PHARDEPR,N06A-Antidepressants,NBPYEANB,Defined daily dosage per 1 000 inhabitants per day,SWE,Sweden,2009,2009,74.1,,
PHARDEPR,N06A-Antidepressants,NBPYEANB,Defined daily dosage per 1 000 inhabitants per day,SWE,Sweden,2010,2010,75.8,,
PHARDEPR,N06A-Antidepressants,NBPYEANB,Defined daily dosage per 1 000 inhabitants per day,SWE,Sweden,2011,2011,79.4,,
PHARDEPR,N06A-Antidepressants,NBPYEANB,Defined daily dosage per 1 000 inhabitants per day,SWE,Sweden,2012,2012,81.1,,
PHARDEPR,N06A-Antidepressants,NBPYEANB,Defined daily dosage per 1 000 inhabitants per day,SWE,Sweden,2013,2013,84.3,,
PHARDEPR,N06A-Antidepressants,NBPYEANB,Defined daily dosage per 1 000 inhabitants per day,SWE,Sweden,2014,2014,87.8,,
PHARDEPR,N06A-Antidepressants,NBPYEANB,Defined daily dosage per 1 000 inhabitants per day,SWE,Sweden,2015,2015,92.5,,
PHARDEPR,N06A-Antidepressants,NBPYEANB,Defined daily dosage per 1 000 inhabitants per day,SWE,Sweden,2016,2016,95,,
PHARDEPR,N06A-Antidepressants,NBPYEANB,Defined daily dosage per 1 000 inhabitants per day,SWE,Sweden,2017,2017,96.9,,
PHARDEPR,N06A-Antidepressants,NBPYEANB,Defined daily dosage per 1 000 inhabitants per day,SWE,Sweden,2018,2018,98.7,,
PHARDEPR,N06A-Antidepressants,NBPYEANB,Defined daily dosage per 1 000 inhabitants per day,SWE,Sweden,2019,2019,102.7,,
PHARDEPR,N06A-Antidepressants,NBPYEANB,Defined daily dosage per 1 000 inhabitants per day,SWE,Sweden,2020,2020,105.4,,
PHARDEPR,N06A-Antidepressants,NBPYEANB,Defined daily dosage per 1 000 inhabitants per day,TUR,Turkey,2008,2008,27.8,D,Difference in methodology
PHARDEPR,N06A-Antidepressants,NBPYEANB,Defined daily dosage per 1 000 inhabitants per day,TUR,Turkey,2009,2009,29.1,D,Difference in methodology
PHARDEPR,N06A-Antidepressants,NBPYEANB,Defined daily dosage per 1 000 inhabitants per day,TUR,Turkey,2010,2010,32.7,D,Difference in methodology
PHARDEPR,N06A-Antidepressants,NBPYEANB,Defined daily dosage per 1 000 inhabitants per day,TUR,Turkey,2011,2011,37,D,Difference in methodology
PHARDEPR,N06A-Antidepressants,NBPYEANB,Defined daily dosage per 1 000 inhabitants per day,TUR,Turkey,2012,2012,37.3,D,Difference in methodology
PHARDEPR,N06A-Antidepressants,NBPYEANB,Defined daily dosage per 1 000 inhabitants per day,TUR,Turkey,2013,2013,36.3,D,Difference in methodology
PHARDEPR,N06A-Antidepressants,NBPYEANB,Defined daily dosage per 1 000 inhabitants per day,TUR,Turkey,2014,2014,38.1,D,Difference in methodology
PHARDEPR,N06A-Antidepressants,NBPYEANB,Defined daily dosage per 1 000 inhabitants per day,TUR,Turkey,2015,2015,40.7,D,Difference in methodology
PHARDEPR,N06A-Antidepressants,NBPYEANB,Defined daily dosage per 1 000 inhabitants per day,TUR,Turkey,2016,2016,41,D,Difference in methodology
PHARDEPR,N06A-Antidepressants,NBPYEANB,Defined daily dosage per 1 000 inhabitants per day,TUR,Turkey,2017,2017,43.5,D,Difference in methodology
PHARDEPR,N06A-Antidepressants,NBPYEANB,Defined daily dosage per 1 000 inhabitants per day,TUR,Turkey,2018,2018,44.1,D,Difference in methodology
PHARDEPR,N06A-Antidepressants,NBPYEANB,Defined daily dosage per 1 000 inhabitants per day,TUR,Turkey,2019,2019,44.2,D,Difference in methodology
PHARDEPR,N06A-Antidepressants,NBPYEANB,Defined daily dosage per 1 000 inhabitants per day,GBR,United Kingdom,2000,2000,37.6,E; D,Estimated value; Difference in methodology
PHARDEPR,N06A-Antidepressants,NBPYEANB,Defined daily dosage per 1 000 inhabitants per day,GBR,United Kingdom,2001,2001,42.7,E; D,Estimated value; Difference in methodology
PHARDEPR,N06A-Antidepressants,NBPYEANB,Defined daily dosage per 1 000 inhabitants per day,GBR,United Kingdom,2002,2002,46.7,E; D,Estimated value; Difference in methodology
PHARDEPR,N06A-Antidepressants,NBPYEANB,Defined daily dosage per 1 000 inhabitants per day,GBR,United Kingdom,2003,2003,48.8,E; D,Estimated value; Difference in methodology
PHARDEPR,N06A-Antidepressants,NBPYEANB,Defined daily dosage per 1 000 inhabitants per day,GBR,United Kingdom,2004,2004,50.8,E; D,Estimated value; Difference in methodology
PHARDEPR,N06A-Antidepressants,NBPYEANB,Defined daily dosage per 1 000 inhabitants per day,GBR,United Kingdom,2005,2005,47.3,E; D,Estimated value; Difference in methodology
PHARDEPR,N06A-Antidepressants,NBPYEANB,Defined daily dosage per 1 000 inhabitants per day,GBR,United Kingdom,2006,2006,52.7,E; D,Estimated value; Difference in methodology
PHARDEPR,N06A-Antidepressants,NBPYEANB,Defined daily dosage per 1 000 inhabitants per day,GBR,United Kingdom,2007,2007,53.7,D,Difference in methodology
PHARDEPR,N06A-Antidepressants,NBPYEANB,Defined daily dosage per 1 000 inhabitants per day,GBR,United Kingdom,2008,2008,56.6,D,Difference in methodology
PHARDEPR,N06A-Antidepressants,NBPYEANB,Defined daily dosage per 1 000 inhabitants per day,GBR,United Kingdom,2009,2009,60.9,D,Difference in methodology
PHARDEPR,N06A-Antidepressants,NBPYEANB,Defined daily dosage per 1 000 inhabitants per day,GBR,United Kingdom,2010,2010,65.9,D,Difference in methodology
PHARDEPR,N06A-Antidepressants,NBPYEANB,Defined daily dosage per 1 000 inhabitants per day,GBR,United Kingdom,2011,2011,70.7,D,Difference in methodology
PHARDEPR,N06A-Antidepressants,NBPYEANB,Defined daily dosage per 1 000 inhabitants per day,GBR,United Kingdom,2012,2012,75,D,Difference in methodology
PHARDEPR,N06A-Antidepressants,NBPYEANB,Defined daily dosage per 1 000 inhabitants per day,GBR,United Kingdom,2013,2013,82.3,B; D,Break; Difference in methodology
PHARDEPR,N06A-Antidepressants,NBPYEANB,Defined daily dosage per 1 000 inhabitants per day,GBR,United Kingdom,2014,2014,87.8,D,Difference in methodology
PHARDEPR,N06A-Antidepressants,NBPYEANB,Defined daily dosage per 1 000 inhabitants per day,GBR,United Kingdom,2015,2015,94.2,D,Difference in methodology
PHARDEPR,N06A-Antidepressants,NBPYEANB,Defined daily dosage per 1 000 inhabitants per day,GBR,United Kingdom,2016,2016,100.1,D,Difference in methodology
PHARDEPR,N06A-Antidepressants,NBPYEANB,Defined daily dosage per 1 000 inhabitants per day,GBR,United Kingdom,2017,2017,107.9,D,Difference in methodology
PHARDEPR,N06A-Antidepressants,NBPYEANB,Defined daily dosage per 1 000 inhabitants per day,CHL,Chile,2011,2011,25.2,,
PHARDEPR,N06A-Antidepressants,NBPYEANB,Defined daily dosage per 1 000 inhabitants per day,CHL,Chile,2012,2012,42.7,,
PHARDEPR,N06A-Antidepressants,NBPYEANB,Defined daily dosage per 1 000 inhabitants per day,CHL,Chile,2013,2013,41.8,,
PHARDEPR,N06A-Antidepressants,NBPYEANB,Defined daily dosage per 1 000 inhabitants per day,CHL,Chile,2014,2014,43.4,,
PHARDEPR,N06A-Antidepressants,NBPYEANB,Defined daily dosage per 1 000 inhabitants per day,CHL,Chile,2015,2015,46.5,,
PHARDEPR,N06A-Antidepressants,NBPYEANB,Defined daily dosage per 1 000 inhabitants per day,CHL,Chile,2016,2016,36.9,,
PHARDEPR,N06A-Antidepressants,NBPYEANB,Defined daily dosage per 1 000 inhabitants per day,CHL,Chile,2017,2017,42,,
PHARDEPR,N06A-Antidepressants,NBPYEANB,Defined daily dosage per 1 000 inhabitants per day,CHL,Chile,2018,2018,40.1,,
PHARDEPR,N06A-Antidepressants,NBPYEANB,Defined daily dosage per 1 000 inhabitants per day,CHL,Chile,2019,2019,52,,
PHARDEPR,N06A-Antidepressants,NBPYEANB,Defined daily dosage per 1 000 inhabitants per day,CHL,Chile,2020,2020,67,,
PHARDEPR,N06A-Antidepressants,NBPYEANB,Defined daily dosage per 1 000 inhabitants per day,EST,Estonia,2000,2000,6.4,,
PHARDEPR,N06A-Antidepressants,NBPYEANB,Defined daily dosage per 1 000 inhabitants per day,EST,Estonia,2001,2001,7.8,,
PHARDEPR,N06A-Antidepressants,NBPYEANB,Defined daily dosage per 1 000 inhabitants per day,EST,Estonia,2002,2002,9,,
PHARDEPR,N06A-Antidepressants,NBPYEANB,Defined daily dosage per 1 000 inhabitants per day,EST,Estonia,2003,2003,10.3,,
PHARDEPR,N06A-Antidepressants,NBPYEANB,Defined daily dosage per 1 000 inhabitants per day,EST,Estonia,2004,2004,11.9,,
PHARDEPR,N06A-Antidepressants,NBPYEANB,Defined daily dosage per 1 000 inhabitants per day,EST,Estonia,2005,2005,12.4,,
PHARDEPR,N06A-Antidepressants,NBPYEANB,Defined daily dosage per 1 000 inhabitants per day,EST,Estonia,2006,2006,13.7,B,Break
PHARDEPR,N06A-Antidepressants,NBPYEANB,Defined daily dosage per 1 000 inhabitants per day,EST,Estonia,2007,2007,14.2,,
PHARDEPR,N06A-Antidepressants,NBPYEANB,Defined daily dosage per 1 000 inhabitants per day,EST,Estonia,2008,2008,14.7,,
PHARDEPR,N06A-Antidepressants,NBPYEANB,Defined daily dosage per 1 000 inhabitants per day,EST,Estonia,2009,2009,14.5,,
PHARDEPR,N06A-Antidepressants,NBPYEANB,Defined daily dosage per 1 000 inhabitants per day,EST,Estonia,2010,2010,15.9,,
PHARDEPR,N06A-Antidepressants,NBPYEANB,Defined daily dosage per 1 000 inhabitants per day,EST,Estonia,2011,2011,17.9,,
PHARDEPR,N06A-Antidepressants,NBPYEANB,Defined daily dosage per 1 000 inhabitants per day,EST,Estonia,2012,2012,20.1,,
PHARDEPR,N06A-Antidepressants,NBPYEANB,Defined daily dosage per 1 000 inhabitants per day,EST,Estonia,2013,2013,21.4,,
PHARDEPR,N06A-Antidepressants,NBPYEANB,Defined daily dosage per 1 000 inhabitants per day,EST,Estonia,2014,2014,23.3,,
PHARDEPR,N06A-Antidepressants,NBPYEANB,Defined daily dosage per 1 000 inhabitants per day,EST,Estonia,2015,2015,24.8,,
PHARDEPR,N06A-Antidepressants,NBPYEANB,Defined daily dosage per 1 000 inhabitants per day,EST,Estonia,2016,2016,27.2,,
PHARDEPR,N06A-Antidepressants,NBPYEANB,Defined daily dosage per 1 000 inhabitants per day,EST,Estonia,2017,2017,28.8,,
PHARDEPR,N06A-Antidepressants,NBPYEANB,Defined daily dosage per 1 000 inhabitants per day,EST,Estonia,2018,2018,31.9,,
PHARDEPR,N06A-Antidepressants,NBPYEANB,Defined daily dosage per 1 000 inhabitants per day,EST,Estonia,2019,2019,34.8,,
PHARDEPR,N06A-Antidepressants,NBPYEANB,Defined daily dosage per 1 000 inhabitants per day,EST,Estonia,2020,2020,37.1,,
PHARDEPR,N06A-Antidepressants,NBPYEANB,Defined daily dosage per 1 000 inhabitants per day,ISR,Israel,2012,2012,34.3,D,Difference in methodology
PHARDEPR,N06A-Antidepressants,NBPYEANB,Defined daily dosage per 1 000 inhabitants per day,ISR,Israel,2014,2014,42.1,D,Difference in methodology
PHARDEPR,N06A-Antidepressants,NBPYEANB,Defined daily dosage per 1 000 inhabitants per day,ISR,Israel,2015,2015,44.4,D,Difference in methodology
PHARDEPR,N06A-Antidepressants,NBPYEANB,Defined daily dosage per 1 000 inhabitants per day,ISR,Israel,2016,2016,46.7,D,Difference in methodology
PHARDEPR,N06A-Antidepressants,NBPYEANB,Defined daily dosage per 1 000 inhabitants per day,ISR,Israel,2017,2017,49.2,D,Difference in methodology
PHARDEPR,N06A-Antidepressants,NBPYEANB,Defined daily dosage per 1 000 inhabitants per day,ISR,Israel,2018,2018,51.1,D,Difference in methodology
PHARDEPR,N06A-Antidepressants,NBPYEANB,Defined daily dosage per 1 000 inhabitants per day,ISR,Israel,2019,2019,53.8,D,Difference in methodology
PHARDEPR,N06A-Antidepressants,NBPYEANB,Defined daily dosage per 1 000 inhabitants per day,ISR,Israel,2020,2020,55.4,D,Difference in methodology
PHARDEPR,N06A-Antidepressants,NBPYEANB,Defined daily dosage per 1 000 inhabitants per day,SVN,Slovenia,2006,2006,32.6,D,Difference in methodology
PHARDEPR,N06A-Antidepressants,NBPYEANB,Defined daily dosage per 1 000 inhabitants per day,SVN,Slovenia,2007,2007,37.3,D,Difference in methodology
PHARDEPR,N06A-Antidepressants,NBPYEANB,Defined daily dosage per 1 000 inhabitants per day,SVN,Slovenia,2008,2008,41.1,D,Difference in methodology
PHARDEPR,N06A-Antidepressants,NBPYEANB,Defined daily dosage per 1 000 inhabitants per day,SVN,Slovenia,2009,2009,43.2,D,Difference in methodology
PHARDEPR,N06A-Antidepressants,NBPYEANB,Defined daily dosage per 1 000 inhabitants per day,SVN,Slovenia,2010,2010,44.1,D,Difference in methodology
PHARDEPR,N06A-Antidepressants,NBPYEANB,Defined daily dosage per 1 000 inhabitants per day,SVN,Slovenia,2011,2011,50,D,Difference in methodology
PHARDEPR,N06A-Antidepressants,NBPYEANB,Defined daily dosage per 1 000 inhabitants per day,SVN,Slovenia,2012,2012,51,D,Difference in methodology
PHARDEPR,N06A-Antidepressants,NBPYEANB,Defined daily dosage per 1 000 inhabitants per day,SVN,Slovenia,2013,2013,53.3,D,Difference in methodology
PHARDEPR,N06A-Antidepressants,NBPYEANB,Defined daily dosage per 1 000 inhabitants per day,SVN,Slovenia,2014,2014,55,D,Difference in methodology
PHARDEPR,N06A-Antidepressants,NBPYEANB,Defined daily dosage per 1 000 inhabitants per day,SVN,Slovenia,2015,2015,56.8,D,Difference in methodology
PHARDEPR,N06A-Antidepressants,NBPYEANB,Defined daily dosage per 1 000 inhabitants per day,SVN,Slovenia,2016,2016,58.6,D,Difference in methodology
PHARDEPR,N06A-Antidepressants,NBPYEANB,Defined daily dosage per 1 000 inhabitants per day,SVN,Slovenia,2017,2017,59.5,D,Difference in methodology
PHARDEPR,N06A-Antidepressants,NBPYEANB,Defined daily dosage per 1 000 inhabitants per day,SVN,Slovenia,2018,2018,61.5,D,Difference in methodology
PHARDEPR,N06A-Antidepressants,NBPYEANB,Defined daily dosage per 1 000 inhabitants per day,SVN,Slovenia,2019,2019,63.3,D,Difference in methodology
PHARDEPR,N06A-Antidepressants,NBPYEANB,Defined daily dosage per 1 000 inhabitants per day,LVA,Latvia,2012,2012,9.5,,
PHARDEPR,N06A-Antidepressants,NBPYEANB,Defined daily dosage per 1 000 inhabitants per day,LVA,Latvia,2013,2013,10.2,,
PHARDEPR,N06A-Antidepressants,NBPYEANB,Defined daily dosage per 1 000 inhabitants per day,LVA,Latvia,2014,2014,11.1,,
PHARDEPR,N06A-Antidepressants,NBPYEANB,Defined daily dosage per 1 000 inhabitants per day,LVA,Latvia,2015,2015,12.3,,
PHARDEPR,N06A-Antidepressants,NBPYEANB,Defined daily dosage per 1 000 inhabitants per day,LVA,Latvia,2016,2016,13.3,,
PHARDEPR,N06A-Antidepressants,NBPYEANB,Defined daily dosage per 1 000 inhabitants per day,LVA,Latvia,2017,2017,15,,
PHARDEPR,N06A-Antidepressants,NBPYEANB,Defined daily dosage per 1 000 inhabitants per day,LVA,Latvia,2018,2018,16.1,,
PHARDEPR,N06A-Antidepressants,NBPYEANB,Defined daily dosage per 1 000 inhabitants per day,LVA,Latvia,2019,2019,17.6,,
PHARDEPR,N06A-Antidepressants,NBPYEANB,Defined daily dosage per 1 000 inhabitants per day,LVA,Latvia,2020,2020,19.8,,
PHARDEPR,N06A-Antidepressants,NBPYEANB,Defined daily dosage per 1 000 inhabitants per day,LTU,Lithuania,2010,2010,19.2,,
PHARDEPR,N06A-Antidepressants,NBPYEANB,Defined daily dosage per 1 000 inhabitants per day,LTU,Lithuania,2011,2011,20.8,,
PHARDEPR,N06A-Antidepressants,NBPYEANB,Defined daily dosage per 1 000 inhabitants per day,LTU,Lithuania,2012,2012,23.4,,
PHARDEPR,N06A-Antidepressants,NBPYEANB,Defined daily dosage per 1 000 inhabitants per day,LTU,Lithuania,2013,2013,24.7,,
PHARDEPR,N06A-Antidepressants,NBPYEANB,Defined daily dosage per 1 000 inhabitants per day,LTU,Lithuania,2014,2014,25.7,,
PHARDEPR,N06A-Antidepressants,NBPYEANB,Defined daily dosage per 1 000 inhabitants per day,LTU,Lithuania,2015,2015,27.9,,
PHARDEPR,N06A-Antidepressants,NBPYEANB,Defined daily dosage per 1 000 inhabitants per day,LTU,Lithuania,2016,2016,29.3,,
PHARDEPR,N06A-Antidepressants,NBPYEANB,Defined daily dosage per 1 000 inhabitants per day,LTU,Lithuania,2017,2017,32.1,,
PHARDEPR,N06A-Antidepressants,NBPYEANB,Defined daily dosage per 1 000 inhabitants per day,LTU,Lithuania,2018,2018,31.3,,
PHARDEPR,N06A-Antidepressants,NBPYEANB,Defined daily dosage per 1 000 inhabitants per day,LTU,Lithuania,2019,2019,35.4,,
PHARDEPR,N06A-Antidepressants,NBPYEANB,Defined daily dosage per 1 000 inhabitants per day,CRI,Costa Rica,2001,2001,5.7,,
PHARDEPR,N06A-Antidepressants,NBPYEANB,Defined daily dosage per 1 000 inhabitants per day,CRI,Costa Rica,2002,2002,7.1,,
PHARDEPR,N06A-Antidepressants,NBPYEANB,Defined daily dosage per 1 000 inhabitants per day,CRI,Costa Rica,2003,2003,9.9,,
PHARDEPR,N06A-Antidepressants,NBPYEANB,Defined daily dosage per 1 000 inhabitants per day,CRI,Costa Rica,2004,2004,11.1,,
PHARDEPR,N06A-Antidepressants,NBPYEANB,Defined daily dosage per 1 000 inhabitants per day,CRI,Costa Rica,2005,2005,13.5,,
PHARDEPR,N06A-Antidepressants,NBPYEANB,Defined daily dosage per 1 000 inhabitants per day,CRI,Costa Rica,2006,2006,16,,
PHARDEPR,N06A-Antidepressants,NBPYEANB,Defined daily dosage per 1 000 inhabitants per day,CRI,Costa Rica,2007,2007,15.7,B,Break
PHARDEPR,N06A-Antidepressants,NBPYEANB,Defined daily dosage per 1 000 inhabitants per day,CRI,Costa Rica,2008,2008,19.9,,
PHARDEPR,N06A-Antidepressants,NBPYEANB,Defined daily dosage per 1 000 inhabitants per day,CRI,Costa Rica,2009,2009,19.6,,
PHARDEPR,N06A-Antidepressants,NBPYEANB,Defined daily dosage per 1 000 inhabitants per day,CRI,Costa Rica,2010,2010,21.9,,
PHARDEPR,N06A-Antidepressants,NBPYEANB,Defined daily dosage per 1 000 inhabitants per day,CRI,Costa Rica,2011,2011,24.4,,
PHARDEPR,N06A-Antidepressants,NBPYEANB,Defined daily dosage per 1 000 inhabitants per day,CRI,Costa Rica,2012,2012,26.1,,
PHARDEPR,N06A-Antidepressants,NBPYEANB,Defined daily dosage per 1 000 inhabitants per day,CRI,Costa Rica,2013,2013,29.7,,
PHARDEPR,N06A-Antidepressants,NBPYEANB,Defined daily dosage per 1 000 inhabitants per day,CRI,Costa Rica,2014,2014,29.9,,
PHARDEPR,N06A-Antidepressants,NBPYEANB,Defined daily dosage per 1 000 inhabitants per day,CRI,Costa Rica,2015,2015,28.4,,
PHARDEPR,N06A-Antidepressants,NBPYEANB,Defined daily dosage per 1 000 inhabitants per day,CRI,Costa Rica,2016,2016,29.3,,
PHARDEPR,N06A-Antidepressants,NBPYEANB,Defined daily dosage per 1 000 inhabitants per day,CRI,Costa Rica,2017,2017,30.9,,
PHARDEPR,N06A-Antidepressants,NBPYEANB,Defined daily dosage per 1 000 inhabitants per day,CRI,Costa Rica,2018,2018,33.4,,
PHARDEPR,N06A-Antidepressants,NBPYEANB,Defined daily dosage per 1 000 inhabitants per day,CRI,Costa Rica,2019,2019,35.9,,
PHARDEPR,N06A-Antidepressants,NBPYEANB,Defined daily dosage per 1 000 inhabitants per day,CRI,Costa Rica,2020,2020,39,,
