DATAFLOW;LAST UPDATE;freq;unit;sex;frequenc;age;wstatus;geo;TIME_PERIOD;OBS_VALUE
ESTAT:LFSA_EHOMP(1.0);10/09/21 23:00:00;A;PC;T;USU;Y20-64;EMP;AUT;2010;10.7
ESTAT:LFSA_EHOMP(1.0);10/09/21 23:00:00;A;PC;T;USU;Y20-64;EMP;AUT;2011;11.1
ESTAT:LFSA_EHOMP(1.0);10/09/21 23:00:00;A;PC;T;USU;Y20-64;EMP;AUT;2012;10.7
ESTAT:LFSA_EHOMP(1.0);10/09/21 23:00:00;A;PC;T;USU;Y20-64;EMP;AUT;2013;10.7
ESTAT:LFSA_EHOMP(1.0);10/09/21 23:00:00;A;PC;T;USU;Y20-64;EMP;AUT;2014;11.0
ESTAT:LFSA_EHOMP(1.0);10/09/21 23:00:00;A;PC;T;USU;Y20-64;EMP;AUT;2015;10.5
ESTAT:LFSA_EHOMP(1.0);10/09/21 23:00:00;A;PC;T;USU;Y20-64;EMP;AUT;2016;10.2
ESTAT:LFSA_EHOMP(1.0);10/09/21 23:00:00;A;PC;T;USU;Y20-64;EMP;AUT;2017;9.7
ESTAT:LFSA_EHOMP(1.0);10/09/21 23:00:00;A;PC;T;USU;Y20-64;EMP;AUT;2018;10.2
ESTAT:LFSA_EHOMP(1.0);10/09/21 23:00:00;A;PC;T;USU;Y20-64;EMP;AUT;2019;10.2
ESTAT:LFSA_EHOMP(1.0);10/09/21 23:00:00;A;PC;T;USU;Y20-64;EMP;AUT;2020;18.5
ESTAT:LFSA_EHOMP(1.0);10/09/21 23:00:00;A;PC;T;USU;Y20-64;EMP;BEL;2010;9.8
ESTAT:LFSA_EHOMP(1.0);10/09/21 23:00:00;A;PC;T;USU;Y20-64;EMP;BEL;2011;10.0
ESTAT:LFSA_EHOMP(1.0);10/09/21 23:00:00;A;PC;T;USU;Y20-64;EMP;BEL;2012;9.3
ESTAT:LFSA_EHOMP(1.0);10/09/21 23:00:00;A;PC;T;USU;Y20-64;EMP;BEL;2013;8.9
ESTAT:LFSA_EHOMP(1.0);10/09/21 23:00:00;A;PC;T;USU;Y20-64;EMP;BEL;2014;8.7
ESTAT:LFSA_EHOMP(1.0);10/09/21 23:00:00;A;PC;T;USU;Y20-64;EMP;BEL;2015;8.2
ESTAT:LFSA_EHOMP(1.0);10/09/21 23:00:00;A;PC;T;USU;Y20-64;EMP;BEL;2016;7.2
ESTAT:LFSA_EHOMP(1.0);10/09/21 23:00:00;A;PC;T;USU;Y20-64;EMP;BEL;2017;6.9
ESTAT:LFSA_EHOMP(1.0);10/09/21 23:00:00;A;PC;T;USU;Y20-64;EMP;BEL;2018;6.6
ESTAT:LFSA_EHOMP(1.0);10/09/21 23:00:00;A;PC;T;USU;Y20-64;EMP;BEL;2019;7.0
ESTAT:LFSA_EHOMP(1.0);10/09/21 23:00:00;A;PC;T;USU;Y20-64;EMP;BEL;2020;17.3
ESTAT:LFSA_EHOMP(1.0);10/09/21 23:00:00;A;PC;T;USU;Y20-64;EMP;BGR;2010;0.4
ESTAT:LFSA_EHOMP(1.0);10/09/21 23:00:00;A;PC;T;USU;Y20-64;EMP;BGR;2011;0.6
ESTAT:LFSA_EHOMP(1.0);10/09/21 23:00:00;A;PC;T;USU;Y20-64;EMP;BGR;2012;0.5
ESTAT:LFSA_EHOMP(1.0);10/09/21 23:00:00;A;PC;T;USU;Y20-64;EMP;BGR;2013;0.5
ESTAT:LFSA_EHOMP(1.0);10/09/21 23:00:00;A;PC;T;USU;Y20-64;EMP;BGR;2014;0.4
ESTAT:LFSA_EHOMP(1.0);10/09/21 23:00:00;A;PC;T;USU;Y20-64;EMP;BGR;2015;0.3
ESTAT:LFSA_EHOMP(1.0);10/09/21 23:00:00;A;PC;T;USU;Y20-64;EMP;BGR;2016;0.2
ESTAT:LFSA_EHOMP(1.0);10/09/21 23:00:00;A;PC;T;USU;Y20-64;EMP;BGR;2017;0.3
ESTAT:LFSA_EHOMP(1.0);10/09/21 23:00:00;A;PC;T;USU;Y20-64;EMP;BGR;2018;0.3
ESTAT:LFSA_EHOMP(1.0);10/09/21 23:00:00;A;PC;T;USU;Y20-64;EMP;BGR;2019;0.5
ESTAT:LFSA_EHOMP(1.0);10/09/21 23:00:00;A;PC;T;USU;Y20-64;EMP;BGR;2020;1.2
ESTAT:LFSA_EHOMP(1.0);10/09/21 23:00:00;A;PC;T;USU;Y20-64;EMP;CHE;2010;4.2
ESTAT:LFSA_EHOMP(1.0);10/09/21 23:00:00;A;PC;T;USU;Y20-64;EMP;CHE;2011;4.2
ESTAT:LFSA_EHOMP(1.0);10/09/21 23:00:00;A;PC;T;USU;Y20-64;EMP;CHE;2012;4.1
ESTAT:LFSA_EHOMP(1.0);10/09/21 23:00:00;A;PC;T;USU;Y20-64;EMP;CHE;2013;4.1
ESTAT:LFSA_EHOMP(1.0);10/09/21 23:00:00;A;PC;T;USU;Y20-64;EMP;CHE;2014;4.2
ESTAT:LFSA_EHOMP(1.0);10/09/21 23:00:00;A;PC;T;USU;Y20-64;EMP;CHE;2015;4.4
ESTAT:LFSA_EHOMP(1.0);10/09/21 23:00:00;A;PC;T;USU;Y20-64;EMP;CHE;2016;4.5
ESTAT:LFSA_EHOMP(1.0);10/09/21 23:00:00;A;PC;T;USU;Y20-64;EMP;CHE;2017;4.2
ESTAT:LFSA_EHOMP(1.0);10/09/21 23:00:00;A;PC;T;USU;Y20-64;EMP;CHE;2018;4.3
ESTAT:LFSA_EHOMP(1.0);10/09/21 23:00:00;A;PC;T;USU;Y20-64;EMP;CHE;2019;4.1
ESTAT:LFSA_EHOMP(1.0);10/09/21 23:00:00;A;PC;T;USU;Y20-64;EMP;CHE;2020;5.1
ESTAT:LFSA_EHOMP(1.0);10/09/21 23:00:00;A;PC;T;USU;Y20-64;EMP;CYP;2010;1.0
ESTAT:LFSA_EHOMP(1.0);10/09/21 23:00:00;A;PC;T;USU;Y20-64;EMP;CYP;2011;0.9
ESTAT:LFSA_EHOMP(1.0);10/09/21 23:00:00;A;PC;T;USU;Y20-64;EMP;CYP;2012;1.1
ESTAT:LFSA_EHOMP(1.0);10/09/21 23:00:00;A;PC;T;USU;Y20-64;EMP;CYP;2013;1.6
ESTAT:LFSA_EHOMP(1.0);10/09/21 23:00:00;A;PC;T;USU;Y20-64;EMP;CYP;2014;1.7
ESTAT:LFSA_EHOMP(1.0);10/09/21 23:00:00;A;PC;T;USU;Y20-64;EMP;CYP;2015;1.5
ESTAT:LFSA_EHOMP(1.0);10/09/21 23:00:00;A;PC;T;USU;Y20-64;EMP;CYP;2016;1.6
ESTAT:LFSA_EHOMP(1.0);10/09/21 23:00:00;A;PC;T;USU;Y20-64;EMP;CYP;2017;1.2
ESTAT:LFSA_EHOMP(1.0);10/09/21 23:00:00;A;PC;T;USU;Y20-64;EMP;CYP;2018;1.2
ESTAT:LFSA_EHOMP(1.0);10/09/21 23:00:00;A;PC;T;USU;Y20-64;EMP;CYP;2019;1.3
ESTAT:LFSA_EHOMP(1.0);10/09/21 23:00:00;A;PC;T;USU;Y20-64;EMP;CYP;2020;4.5
ESTAT:LFSA_EHOMP(1.0);10/09/21 23:00:00;A;PC;T;USU;Y20-64;EMP;CZE;2010;3.2
ESTAT:LFSA_EHOMP(1.0);10/09/21 23:00:00;A;PC;T;USU;Y20-64;EMP;CZE;2011;3.2
ESTAT:LFSA_EHOMP(1.0);10/09/21 23:00:00;A;PC;T;USU;Y20-64;EMP;CZE;2012;3.4
ESTAT:LFSA_EHOMP(1.0);10/09/21 23:00:00;A;PC;T;USU;Y20-64;EMP;CZE;2013;3.3
ESTAT:LFSA_EHOMP(1.0);10/09/21 23:00:00;A;PC;T;USU;Y20-64;EMP;CZE;2014;3.4
ESTAT:LFSA_EHOMP(1.0);10/09/21 23:00:00;A;PC;T;USU;Y20-64;EMP;CZE;2015;3.5
ESTAT:LFSA_EHOMP(1.0);10/09/21 23:00:00;A;PC;T;USU;Y20-64;EMP;CZE;2016;3.9
ESTAT:LFSA_EHOMP(1.0);10/09/21 23:00:00;A;PC;T;USU;Y20-64;EMP;CZE;2017;3.9
ESTAT:LFSA_EHOMP(1.0);10/09/21 23:00:00;A;PC;T;USU;Y20-64;EMP;CZE;2018;4.0
ESTAT:LFSA_EHOMP(1.0);10/09/21 23:00:00;A;PC;T;USU;Y20-64;EMP;CZE;2019;4.6
ESTAT:LFSA_EHOMP(1.0);10/09/21 23:00:00;A;PC;T;USU;Y20-64;EMP;CZE;2020;7.3
ESTAT:LFSA_EHOMP(1.0);10/09/21 23:00:00;A;PC;T;USU;Y20-64;EMP;DEU;2010;3.3
ESTAT:LFSA_EHOMP(1.0);10/09/21 23:00:00;A;PC;T;USU;Y20-64;EMP;DEU;2011;3.7
ESTAT:LFSA_EHOMP(1.0);10/09/21 23:00:00;A;PC;T;USU;Y20-64;EMP;DEU;2012;3.6
ESTAT:LFSA_EHOMP(1.0);10/09/21 23:00:00;A;PC;T;USU;Y20-64;EMP;DEU;2013;3.4
ESTAT:LFSA_EHOMP(1.0);10/09/21 23:00:00;A;PC;T;USU;Y20-64;EMP;DEU;2014;3.3
ESTAT:LFSA_EHOMP(1.0);10/09/21 23:00:00;A;PC;T;USU;Y20-64;EMP;DEU;2015;3.3
ESTAT:LFSA_EHOMP(1.0);10/09/21 23:00:00;A;PC;T;USU;Y20-64;EMP;DEU;2016;3.3
ESTAT:LFSA_EHOMP(1.0);10/09/21 23:00:00;A;PC;T;USU;Y20-64;EMP;DEU;2017;4.9
ESTAT:LFSA_EHOMP(1.0);10/09/21 23:00:00;A;PC;T;USU;Y20-64;EMP;DEU;2018;5.1
ESTAT:LFSA_EHOMP(1.0);10/09/21 23:00:00;A;PC;T;USU;Y20-64;EMP;DEU;2019;5.3
ESTAT:LFSA_EHOMP(1.0);10/09/21 23:00:00;A;PC;T;USU;Y20-64;EMP;DEU;2020;13.7
ESTAT:LFSA_EHOMP(1.0);10/09/21 23:00:00;A;PC;T;USU;Y20-64;EMP;DNK;2010;11.5
ESTAT:LFSA_EHOMP(1.0);10/09/21 23:00:00;A;PC;T;USU;Y20-64;EMP;DNK;2011;12.6
ESTAT:LFSA_EHOMP(1.0);10/09/21 23:00:00;A;PC;T;USU;Y20-64;EMP;DNK;2012;12.3
ESTAT:LFSA_EHOMP(1.0);10/09/21 23:00:00;A;PC;T;USU;Y20-64;EMP;DNK;2013;11.5
ESTAT:LFSA_EHOMP(1.0);10/09/21 23:00:00;A;PC;T;USU;Y20-64;EMP;DNK;2014;10.3
ESTAT:LFSA_EHOMP(1.0);10/09/21 23:00:00;A;PC;T;USU;Y20-64;EMP;DNK;2015;9.4
ESTAT:LFSA_EHOMP(1.0);10/09/21 23:00:00;A;PC;T;USU;Y20-64;EMP;DNK;2016;8.7
ESTAT:LFSA_EHOMP(1.0);10/09/21 23:00:00;A;PC;T;USU;Y20-64;EMP;DNK;2017;9.2
ESTAT:LFSA_EHOMP(1.0);10/09/21 23:00:00;A;PC;T;USU;Y20-64;EMP;DNK;2018;8.2
ESTAT:LFSA_EHOMP(1.0);10/09/21 23:00:00;A;PC;T;USU;Y20-64;EMP;DNK;2019;8.1
ESTAT:LFSA_EHOMP(1.0);10/09/21 23:00:00;A;PC;T;USU;Y20-64;EMP;DNK;2020;17.7
ESTAT:LFSA_EHOMP(1.0);10/09/21 23:00:00;A;PC;T;USU;Y20-64;EMP;EA19;2010;5.7
ESTAT:LFSA_EHOMP(1.0);10/09/21 23:00:00;A;PC;T;USU;Y20-64;EMP;EA19;2011;6.1
ESTAT:LFSA_EHOMP(1.0);10/09/21 23:00:00;A;PC;T;USU;Y20-64;EMP;EA19;2012;6.2
ESTAT:LFSA_EHOMP(1.0);10/09/21 23:00:00;A;PC;T;USU;Y20-64;EMP;EA19;2013;5.4
ESTAT:LFSA_EHOMP(1.0);10/09/21 23:00:00;A;PC;T;USU;Y20-64;EMP;EA19;2014;5.3
ESTAT:LFSA_EHOMP(1.0);10/09/21 23:00:00;A;PC;T;USU;Y20-64;EMP;EA19;2015;5.3
ESTAT:LFSA_EHOMP(1.0);10/09/21 23:00:00;A;PC;T;USU;Y20-64;EMP;EA19;2016;5.2
ESTAT:LFSA_EHOMP(1.0);10/09/21 23:00:00;A;PC;T;USU;Y20-64;EMP;EA19;2017;5.7
ESTAT:LFSA_EHOMP(1.0);10/09/21 23:00:00;A;PC;T;USU;Y20-64;EMP;EA19;2018;5.9
ESTAT:LFSA_EHOMP(1.0);10/09/21 23:00:00;A;PC;T;USU;Y20-64;EMP;EA19;2019;6.1
ESTAT:LFSA_EHOMP(1.0);10/09/21 23:00:00;A;PC;T;USU;Y20-64;EMP;EA19;2020;13.9
ESTAT:LFSA_EHOMP(1.0);10/09/21 23:00:00;A;PC;T;USU;Y20-64;EMP;EST;2010;4.8
ESTAT:LFSA_EHOMP(1.0);10/09/21 23:00:00;A;PC;T;USU;Y20-64;EMP;EST;2011;4.9
ESTAT:LFSA_EHOMP(1.0);10/09/21 23:00:00;A;PC;T;USU;Y20-64;EMP;EST;2012;5.7
ESTAT:LFSA_EHOMP(1.0);10/09/21 23:00:00;A;PC;T;USU;Y20-64;EMP;EST;2013;6.2
ESTAT:LFSA_EHOMP(1.0);10/09/21 23:00:00;A;PC;T;USU;Y20-64;EMP;EST;2014;5.5
ESTAT:LFSA_EHOMP(1.0);10/09/21 23:00:00;A;PC;T;USU;Y20-64;EMP;EST;2015;5.6
ESTAT:LFSA_EHOMP(1.0);10/09/21 23:00:00;A;PC;T;USU;Y20-64;EMP;EST;2016;6.0
ESTAT:LFSA_EHOMP(1.0);10/09/21 23:00:00;A;PC;T;USU;Y20-64;EMP;EST;2017;5.9
ESTAT:LFSA_EHOMP(1.0);10/09/21 23:00:00;A;PC;T;USU;Y20-64;EMP;EST;2018;7.7
ESTAT:LFSA_EHOMP(1.0);10/09/21 23:00:00;A;PC;T;USU;Y20-64;EMP;EST;2019;6.9
ESTAT:LFSA_EHOMP(1.0);10/09/21 23:00:00;A;PC;T;USU;Y20-64;EMP;EST;2020;12.7
ESTAT:LFSA_EHOMP(1.0);10/09/21 23:00:00;A;PC;T;USU;Y20-64;EMP;GRC;2010;1.9
ESTAT:LFSA_EHOMP(1.0);10/09/21 23:00:00;A;PC;T;USU;Y20-64;EMP;GRC;2011;2.1
ESTAT:LFSA_EHOMP(1.0);10/09/21 23:00:00;A;PC;T;USU;Y20-64;EMP;GRC;2012;2.2
ESTAT:LFSA_EHOMP(1.0);10/09/21 23:00:00;A;PC;T;USU;Y20-64;EMP;GRC;2013;2.2
ESTAT:LFSA_EHOMP(1.0);10/09/21 23:00:00;A;PC;T;USU;Y20-64;EMP;GRC;2014;2.7
ESTAT:LFSA_EHOMP(1.0);10/09/21 23:00:00;A;PC;T;USU;Y20-64;EMP;GRC;2015;2.6
ESTAT:LFSA_EHOMP(1.0);10/09/21 23:00:00;A;PC;T;USU;Y20-64;EMP;GRC;2016;2.6
ESTAT:LFSA_EHOMP(1.0);10/09/21 23:00:00;A;PC;T;USU;Y20-64;EMP;GRC;2017;2.3
ESTAT:LFSA_EHOMP(1.0);10/09/21 23:00:00;A;PC;T;USU;Y20-64;EMP;GRC;2018;2.1
ESTAT:LFSA_EHOMP(1.0);10/09/21 23:00:00;A;PC;T;USU;Y20-64;EMP;GRC;2019;1.9
ESTAT:LFSA_EHOMP(1.0);10/09/21 23:00:00;A;PC;T;USU;Y20-64;EMP;GRC;2020;7.0
ESTAT:LFSA_EHOMP(1.0);10/09/21 23:00:00;A;PC;T;USU;Y20-64;EMP;ESP;2010;3.8
ESTAT:LFSA_EHOMP(1.0);10/09/21 23:00:00;A;PC;T;USU;Y20-64;EMP;ESP;2011;4.0
ESTAT:LFSA_EHOMP(1.0);10/09/21 23:00:00;A;PC;T;USU;Y20-64;EMP;ESP;2012;4.4
ESTAT:LFSA_EHOMP(1.0);10/09/21 23:00:00;A;PC;T;USU;Y20-64;EMP;ESP;2013;4.3
ESTAT:LFSA_EHOMP(1.0);10/09/21 23:00:00;A;PC;T;USU;Y20-64;EMP;ESP;2014;4.3
ESTAT:LFSA_EHOMP(1.0);10/09/21 23:00:00;A;PC;T;USU;Y20-64;EMP;ESP;2015;3.6
ESTAT:LFSA_EHOMP(1.0);10/09/21 23:00:00;A;PC;T;USU;Y20-64;EMP;ESP;2016;3.5
ESTAT:LFSA_EHOMP(1.0);10/09/21 23:00:00;A;PC;T;USU;Y20-64;EMP;ESP;2017;4.3
ESTAT:LFSA_EHOMP(1.0);10/09/21 23:00:00;A;PC;T;USU;Y20-64;EMP;ESP;2018;4.3
ESTAT:LFSA_EHOMP(1.0);10/09/21 23:00:00;A;PC;T;USU;Y20-64;EMP;ESP;2019;4.8
ESTAT:LFSA_EHOMP(1.0);10/09/21 23:00:00;A;PC;T;USU;Y20-64;EMP;ESP;2020;11.0
ESTAT:LFSA_EHOMP(1.0);10/09/21 23:00:00;A;PC;T;USU;Y20-64;EMP;EU27_2020;2010;5.1
ESTAT:LFSA_EHOMP(1.0);10/09/21 23:00:00;A;PC;T;USU;Y20-64;EMP;EU27_2020;2011;5.5
ESTAT:LFSA_EHOMP(1.0);10/09/21 23:00:00;A;PC;T;USU;Y20-64;EMP;EU27_2020;2012;5.6
ESTAT:LFSA_EHOMP(1.0);10/09/21 23:00:00;A;PC;T;USU;Y20-64;EMP;EU27_2020;2013;4.9
ESTAT:LFSA_EHOMP(1.0);10/09/21 23:00:00;A;PC;T;USU;Y20-64;EMP;EU27_2020;2014;4.9
ESTAT:LFSA_EHOMP(1.0);10/09/21 23:00:00;A;PC;T;USU;Y20-64;EMP;EU27_2020;2015;5.0
ESTAT:LFSA_EHOMP(1.0);10/09/21 23:00:00;A;PC;T;USU;Y20-64;EMP;EU27_2020;2016;4.8
ESTAT:LFSA_EHOMP(1.0);10/09/21 23:00:00;A;PC;T;USU;Y20-64;EMP;EU27_2020;2017;5.2
ESTAT:LFSA_EHOMP(1.0);10/09/21 23:00:00;A;PC;T;USU;Y20-64;EMP;EU27_2020;2018;5.3
ESTAT:LFSA_EHOMP(1.0);10/09/21 23:00:00;A;PC;T;USU;Y20-64;EMP;EU27_2020;2019;5.5
ESTAT:LFSA_EHOMP(1.0);10/09/21 23:00:00;A;PC;T;USU;Y20-64;EMP;EU27_2020;2020;12.2
ESTAT:LFSA_EHOMP(1.0);10/09/21 23:00:00;A;PC;T;USU;Y20-64;EMP;FIN;2010;9.4
ESTAT:LFSA_EHOMP(1.0);10/09/21 23:00:00;A;PC;T;USU;Y20-64;EMP;FIN;2011;10.0
ESTAT:LFSA_EHOMP(1.0);10/09/21 23:00:00;A;PC;T;USU;Y20-64;EMP;FIN;2012;10.0
ESTAT:LFSA_EHOMP(1.0);10/09/21 23:00:00;A;PC;T;USU;Y20-64;EMP;FIN;2013;10.9
ESTAT:LFSA_EHOMP(1.0);10/09/21 23:00:00;A;PC;T;USU;Y20-64;EMP;FIN;2014;10.8
ESTAT:LFSA_EHOMP(1.0);10/09/21 23:00:00;A;PC;T;USU;Y20-64;EMP;FIN;2015;12.3
ESTAT:LFSA_EHOMP(1.0);10/09/21 23:00:00;A;PC;T;USU;Y20-64;EMP;FIN;2016;12.2
ESTAT:LFSA_EHOMP(1.0);10/09/21 23:00:00;A;PC;T;USU;Y20-64;EMP;FIN;2017;12.6
ESTAT:LFSA_EHOMP(1.0);10/09/21 23:00:00;A;PC;T;USU;Y20-64;EMP;FIN;2018;13.7
ESTAT:LFSA_EHOMP(1.0);10/09/21 23:00:00;A;PC;T;USU;Y20-64;EMP;FIN;2019;14.5
ESTAT:LFSA_EHOMP(1.0);10/09/21 23:00:00;A;PC;T;USU;Y20-64;EMP;FIN;2020;25.9
ESTAT:LFSA_EHOMP(1.0);10/09/21 23:00:00;A;PC;T;USU;Y20-64;EMP;FRA;2010;11.1
ESTAT:LFSA_EHOMP(1.0);10/09/21 23:00:00;A;PC;T;USU;Y20-64;EMP;FRA;2011;11.4
ESTAT:LFSA_EHOMP(1.0);10/09/21 23:00:00;A;PC;T;USU;Y20-64;EMP;FRA;2012;11.7
ESTAT:LFSA_EHOMP(1.0);10/09/21 23:00:00;A;PC;T;USU;Y20-64;EMP;FRA;2013;7.4
ESTAT:LFSA_EHOMP(1.0);10/09/21 23:00:00;A;PC;T;USU;Y20-64;EMP;FRA;2014;6.9
ESTAT:LFSA_EHOMP(1.0);10/09/21 23:00:00;A;PC;T;USU;Y20-64;EMP;FRA;2015;7.1
ESTAT:LFSA_EHOMP(1.0);10/09/21 23:00:00;A;PC;T;USU;Y20-64;EMP;FRA;2016;7.0
ESTAT:LFSA_EHOMP(1.0);10/09/21 23:00:00;A;PC;T;USU;Y20-64;EMP;FRA;2017;6.8
ESTAT:LFSA_EHOMP(1.0);10/09/21 23:00:00;A;PC;T;USU;Y20-64;EMP;FRA;2018;6.7
ESTAT:LFSA_EHOMP(1.0);10/09/21 23:00:00;A;PC;T;USU;Y20-64;EMP;FRA;2019;7.1
ESTAT:LFSA_EHOMP(1.0);10/09/21 23:00:00;A;PC;T;USU;Y20-64;EMP;FRA;2020;16.0
ESTAT:LFSA_EHOMP(1.0);10/09/21 23:00:00;A;PC;T;USU;Y20-64;EMP;HRV;2010;0.9
ESTAT:LFSA_EHOMP(1.0);10/09/21 23:00:00;A;PC;T;USU;Y20-64;EMP;HRV;2011;1.0
ESTAT:LFSA_EHOMP(1.0);10/09/21 23:00:00;A;PC;T;USU;Y20-64;EMP;HRV;2012;0.9
ESTAT:LFSA_EHOMP(1.0);10/09/21 23:00:00;A;PC;T;USU;Y20-64;EMP;HRV;2013;1.0
ESTAT:LFSA_EHOMP(1.0);10/09/21 23:00:00;A;PC;T;USU;Y20-64;EMP;HRV;2014;1.4
ESTAT:LFSA_EHOMP(1.0);10/09/21 23:00:00;A;PC;T;USU;Y20-64;EMP;HRV;2015;1.3
ESTAT:LFSA_EHOMP(1.0);10/09/21 23:00:00;A;PC;T;USU;Y20-64;EMP;HRV;2016;1.4
ESTAT:LFSA_EHOMP(1.0);10/09/21 23:00:00;A;PC;T;USU;Y20-64;EMP;HRV;2017;1.5
ESTAT:LFSA_EHOMP(1.0);10/09/21 23:00:00;A;PC;T;USU;Y20-64;EMP;HRV;2018;1.4
ESTAT:LFSA_EHOMP(1.0);10/09/21 23:00:00;A;PC;T;USU;Y20-64;EMP;HRV;2019;1.9
ESTAT:LFSA_EHOMP(1.0);10/09/21 23:00:00;A;PC;T;USU;Y20-64;EMP;HRV;2020;3.1
ESTAT:LFSA_EHOMP(1.0);10/09/21 23:00:00;A;PC;T;USU;Y20-64;EMP;HUN;2010;2.3
ESTAT:LFSA_EHOMP(1.0);10/09/21 23:00:00;A;PC;T;USU;Y20-64;EMP;HUN;2011;2.8
ESTAT:LFSA_EHOMP(1.0);10/09/21 23:00:00;A;PC;T;USU;Y20-64;EMP;HUN;2012;3.1
ESTAT:LFSA_EHOMP(1.0);10/09/21 23:00:00;A;PC;T;USU;Y20-64;EMP;HUN;2013;3.9
ESTAT:LFSA_EHOMP(1.0);10/09/21 23:00:00;A;PC;T;USU;Y20-64;EMP;HUN;2014;3.4
ESTAT:LFSA_EHOMP(1.0);10/09/21 23:00:00;A;PC;T;USU;Y20-64;EMP;HUN;2015;3.4
ESTAT:LFSA_EHOMP(1.0);10/09/21 23:00:00;A;PC;T;USU;Y20-64;EMP;HUN;2016;3.0
ESTAT:LFSA_EHOMP(1.0);10/09/21 23:00:00;A;PC;T;USU;Y20-64;EMP;HUN;2017;2.5
ESTAT:LFSA_EHOMP(1.0);10/09/21 23:00:00;A;PC;T;USU;Y20-64;EMP;HUN;2018;2.3
ESTAT:LFSA_EHOMP(1.0);10/09/21 23:00:00;A;PC;T;USU;Y20-64;EMP;HUN;2019;1.2
ESTAT:LFSA_EHOMP(1.0);10/09/21 23:00:00;A;PC;T;USU;Y20-64;EMP;HUN;2020;3.6
ESTAT:LFSA_EHOMP(1.0);10/09/21 23:00:00;A;PC;T;USU;Y20-64;EMP;IRL;2010;7.1
ESTAT:LFSA_EHOMP(1.0);10/09/21 23:00:00;A;PC;T;USU;Y20-64;EMP;IRL;2011;7.0
ESTAT:LFSA_EHOMP(1.0);10/09/21 23:00:00;A;PC;T;USU;Y20-64;EMP;IRL;2012;4.9
ESTAT:LFSA_EHOMP(1.0);10/09/21 23:00:00;A;PC;T;USU;Y20-64;EMP;IRL;2013;4.1
ESTAT:LFSA_EHOMP(1.0);10/09/21 23:00:00;A;PC;T;USU;Y20-64;EMP;IRL;2014;3.6
ESTAT:LFSA_EHOMP(1.0);10/09/21 23:00:00;A;PC;T;USU;Y20-64;EMP;IRL;2015;3.8
ESTAT:LFSA_EHOMP(1.0);10/09/21 23:00:00;A;PC;T;USU;Y20-64;EMP;IRL;2016;3.4
ESTAT:LFSA_EHOMP(1.0);10/09/21 23:00:00;A;PC;T;USU;Y20-64;EMP;IRL;2017;5.0
ESTAT:LFSA_EHOMP(1.0);10/09/21 23:00:00;A;PC;T;USU;Y20-64;EMP;IRL;2018;6.6
ESTAT:LFSA_EHOMP(1.0);10/09/21 23:00:00;A;PC;T;USU;Y20-64;EMP;IRL;2019;7.1
ESTAT:LFSA_EHOMP(1.0);10/09/21 23:00:00;A;PC;T;USU;Y20-64;EMP;IRL;2020;21.9
ESTAT:LFSA_EHOMP(1.0);10/09/21 23:00:00;A;PC;T;USU;Y20-64;EMP;ISL;2010;9.2
ESTAT:LFSA_EHOMP(1.0);10/09/21 23:00:00;A;PC;T;USU;Y20-64;EMP;ISL;2011;8.9
ESTAT:LFSA_EHOMP(1.0);10/09/21 23:00:00;A;PC;T;USU;Y20-64;EMP;ISL;2012;7.6
ESTAT:LFSA_EHOMP(1.0);10/09/21 23:00:00;A;PC;T;USU;Y20-64;EMP;ISL;2013;7.8
ESTAT:LFSA_EHOMP(1.0);10/09/21 23:00:00;A;PC;T;USU;Y20-64;EMP;ISL;2014;7.5
ESTAT:LFSA_EHOMP(1.0);10/09/21 23:00:00;A;PC;T;USU;Y20-64;EMP;ISL;2015;8.2
ESTAT:LFSA_EHOMP(1.0);10/09/21 23:00:00;A;PC;T;USU;Y20-64;EMP;ISL;2016;8.0
ESTAT:LFSA_EHOMP(1.0);10/09/21 23:00:00;A;PC;T;USU;Y20-64;EMP;ISL;2017;7.6
ESTAT:LFSA_EHOMP(1.0);10/09/21 23:00:00;A;PC;T;USU;Y20-64;EMP;ISL;2018;6.8
ESTAT:LFSA_EHOMP(1.0);10/09/21 23:00:00;A;PC;T;USU;Y20-64;EMP;ISL;2019;5.9
ESTAT:LFSA_EHOMP(1.0);10/09/21 23:00:00;A;PC;T;USU;Y20-64;EMP;ISL;2020;9.1
ESTAT:LFSA_EHOMP(1.0);10/09/21 23:00:00;A;PC;T;USU;Y20-64;EMP;ITA;2010;3.1
ESTAT:LFSA_EHOMP(1.0);10/09/21 23:00:00;A;PC;T;USU;Y20-64;EMP;ITA;2011;3.0
ESTAT:LFSA_EHOMP(1.0);10/09/21 23:00:00;A;PC;T;USU;Y20-64;EMP;ITA;2012;3.3
ESTAT:LFSA_EHOMP(1.0);10/09/21 23:00:00;A;PC;T;USU;Y20-64;EMP;ITA;2013;3.1
ESTAT:LFSA_EHOMP(1.0);10/09/21 23:00:00;A;PC;T;USU;Y20-64;EMP;ITA;2014;3.2
ESTAT:LFSA_EHOMP(1.0);10/09/21 23:00:00;A;PC;T;USU;Y20-64;EMP;ITA;2015;3.4
ESTAT:LFSA_EHOMP(1.0);10/09/21 23:00:00;A;PC;T;USU;Y20-64;EMP;ITA;2016;3.3
ESTAT:LFSA_EHOMP(1.0);10/09/21 23:00:00;A;PC;T;USU;Y20-64;EMP;ITA;2017;3.5
ESTAT:LFSA_EHOMP(1.0);10/09/21 23:00:00;A;PC;T;USU;Y20-64;EMP;ITA;2018;3.6
ESTAT:LFSA_EHOMP(1.0);10/09/21 23:00:00;A;PC;T;USU;Y20-64;EMP;ITA;2019;3.6
ESTAT:LFSA_EHOMP(1.0);10/09/21 23:00:00;A;PC;T;USU;Y20-64;EMP;ITA;2020;12.3
ESTAT:LFSA_EHOMP(1.0);10/09/21 23:00:00;A;PC;T;USU;Y20-64;EMP;LTU;2010;3.5
ESTAT:LFSA_EHOMP(1.0);10/09/21 23:00:00;A;PC;T;USU;Y20-64;EMP;LTU;2011;3.4
ESTAT:LFSA_EHOMP(1.0);10/09/21 23:00:00;A;PC;T;USU;Y20-64;EMP;LTU;2012;4.0
ESTAT:LFSA_EHOMP(1.0);10/09/21 23:00:00;A;PC;T;USU;Y20-64;EMP;LTU;2013;3.9
ESTAT:LFSA_EHOMP(1.0);10/09/21 23:00:00;A;PC;T;USU;Y20-64;EMP;LTU;2014;4.1
ESTAT:LFSA_EHOMP(1.0);10/09/21 23:00:00;A;PC;T;USU;Y20-64;EMP;LTU;2015;3.0
ESTAT:LFSA_EHOMP(1.0);10/09/21 23:00:00;A;PC;T;USU;Y20-64;EMP;LTU;2016;2.8
ESTAT:LFSA_EHOMP(1.0);10/09/21 23:00:00;A;PC;T;USU;Y20-64;EMP;LTU;2017;2.6
ESTAT:LFSA_EHOMP(1.0);10/09/21 23:00:00;A;PC;T;USU;Y20-64;EMP;LTU;2018;2.5
ESTAT:LFSA_EHOMP(1.0);10/09/21 23:00:00;A;PC;T;USU;Y20-64;EMP;LTU;2019;2.4
ESTAT:LFSA_EHOMP(1.0);10/09/21 23:00:00;A;PC;T;USU;Y20-64;EMP;LTU;2020;5.4
ESTAT:LFSA_EHOMP(1.0);10/09/21 23:00:00;A;PC;T;USU;Y20-64;EMP;LUX;2010;12.4
ESTAT:LFSA_EHOMP(1.0);10/09/21 23:00:00;A;PC;T;USU;Y20-64;EMP;LUX;2011;12.1
ESTAT:LFSA_EHOMP(1.0);10/09/21 23:00:00;A;PC;T;USU;Y20-64;EMP;LUX;2012;11.5
ESTAT:LFSA_EHOMP(1.0);10/09/21 23:00:00;A;PC;T;USU;Y20-64;EMP;LUX;2013;12.5
ESTAT:LFSA_EHOMP(1.0);10/09/21 23:00:00;A;PC;T;USU;Y20-64;EMP;LUX;2014;14.2
ESTAT:LFSA_EHOMP(1.0);10/09/21 23:00:00;A;PC;T;USU;Y20-64;EMP;LUX;2015;13.1
ESTAT:LFSA_EHOMP(1.0);10/09/21 23:00:00;A;PC;T;USU;Y20-64;EMP;LUX;2016;12.0
ESTAT:LFSA_EHOMP(1.0);10/09/21 23:00:00;A;PC;T;USU;Y20-64;EMP;LUX;2017;12.7
ESTAT:LFSA_EHOMP(1.0);10/09/21 23:00:00;A;PC;T;USU;Y20-64;EMP;LUX;2018;11.1
ESTAT:LFSA_EHOMP(1.0);10/09/21 23:00:00;A;PC;T;USU;Y20-64;EMP;LUX;2019;11.5
ESTAT:LFSA_EHOMP(1.0);10/09/21 23:00:00;A;PC;T;USU;Y20-64;EMP;LUX;2020;23.2
ESTAT:LFSA_EHOMP(1.0);10/09/21 23:00:00;A;PC;T;USU;Y20-64;EMP;LVA;2010;2.8
ESTAT:LFSA_EHOMP(1.0);10/09/21 23:00:00;A;PC;T;USU;Y20-64;EMP;LVA;2011;2.1
ESTAT:LFSA_EHOMP(1.0);10/09/21 23:00:00;A;PC;T;USU;Y20-64;EMP;LVA;2012;2.0
ESTAT:LFSA_EHOMP(1.0);10/09/21 23:00:00;A;PC;T;USU;Y20-64;EMP;LVA;2013;2.1
ESTAT:LFSA_EHOMP(1.0);10/09/21 23:00:00;A;PC;T;USU;Y20-64;EMP;LVA;2014;2.4
ESTAT:LFSA_EHOMP(1.0);10/09/21 23:00:00;A;PC;T;USU;Y20-64;EMP;LVA;2015;2.1
ESTAT:LFSA_EHOMP(1.0);10/09/21 23:00:00;A;PC;T;USU;Y20-64;EMP;LVA;2016;2.6
ESTAT:LFSA_EHOMP(1.0);10/09/21 23:00:00;A;PC;T;USU;Y20-64;EMP;LVA;2017;2.2
ESTAT:LFSA_EHOMP(1.0);10/09/21 23:00:00;A;PC;T;USU;Y20-64;EMP;LVA;2018;2.9
ESTAT:LFSA_EHOMP(1.0);10/09/21 23:00:00;A;PC;T;USU;Y20-64;EMP;LVA;2019;3.0
ESTAT:LFSA_EHOMP(1.0);10/09/21 23:00:00;A;PC;T;USU;Y20-64;EMP;LVA;2020;4.5
ESTAT:LFSA_EHOMP(1.0);10/09/21 23:00:00;A;PC;T;USU;Y20-64;EMP;MNE;2011;4.7
ESTAT:LFSA_EHOMP(1.0);10/09/21 23:00:00;A;PC;T;USU;Y20-64;EMP;MNE;2012;5.9
ESTAT:LFSA_EHOMP(1.0);10/09/21 23:00:00;A;PC;T;USU;Y20-64;EMP;MNE;2013;4.4
ESTAT:LFSA_EHOMP(1.0);10/09/21 23:00:00;A;PC;T;USU;Y20-64;EMP;MNE;2014;5.9
ESTAT:LFSA_EHOMP(1.0);10/09/21 23:00:00;A;PC;T;USU;Y20-64;EMP;MNE;2015;8.3
ESTAT:LFSA_EHOMP(1.0);10/09/21 23:00:00;A;PC;T;USU;Y20-64;EMP;MNE;2016;7.5
ESTAT:LFSA_EHOMP(1.0);10/09/21 23:00:00;A;PC;T;USU;Y20-64;EMP;MNE;2017;8.1
ESTAT:LFSA_EHOMP(1.0);10/09/21 23:00:00;A;PC;T;USU;Y20-64;EMP;MNE;2018;6.4
ESTAT:LFSA_EHOMP(1.0);10/09/21 23:00:00;A;PC;T;USU;Y20-64;EMP;MNE;2019;5.8
ESTAT:LFSA_EHOMP(1.0);10/09/21 23:00:00;A;PC;T;USU;Y20-64;EMP;MNE;2020;7.5
ESTAT:LFSA_EHOMP(1.0);10/09/21 23:00:00;A;PC;T;USU;Y20-64;EMP;MK;2010;
ESTAT:LFSA_EHOMP(1.0);10/09/21 23:00:00;A;PC;T;USU;Y20-64;EMP;MK;2011;
ESTAT:LFSA_EHOMP(1.0);10/09/21 23:00:00;A;PC;T;USU;Y20-64;EMP;MK;2012;
ESTAT:LFSA_EHOMP(1.0);10/09/21 23:00:00;A;PC;T;USU;Y20-64;EMP;MK;2013;
ESTAT:LFSA_EHOMP(1.0);10/09/21 23:00:00;A;PC;T;USU;Y20-64;EMP;MK;2014;
ESTAT:LFSA_EHOMP(1.0);10/09/21 23:00:00;A;PC;T;USU;Y20-64;EMP;MK;2015;
ESTAT:LFSA_EHOMP(1.0);10/09/21 23:00:00;A;PC;T;USU;Y20-64;EMP;MK;2016;
ESTAT:LFSA_EHOMP(1.0);10/09/21 23:00:00;A;PC;T;USU;Y20-64;EMP;MK;2017;1.7
ESTAT:LFSA_EHOMP(1.0);10/09/21 23:00:00;A;PC;T;USU;Y20-64;EMP;MK;2018;1.9
ESTAT:LFSA_EHOMP(1.0);10/09/21 23:00:00;A;PC;T;USU;Y20-64;EMP;MK;2019;1.6
ESTAT:LFSA_EHOMP(1.0);10/09/21 23:00:00;A;PC;T;USU;Y20-64;EMP;MK;2020;2.9
ESTAT:LFSA_EHOMP(1.0);10/09/21 23:00:00;A;PC;T;USU;Y20-64;EMP;MT;2010;1.7
ESTAT:LFSA_EHOMP(1.0);10/09/21 23:00:00;A;PC;T;USU;Y20-64;EMP;MLT;2011;1.7
ESTAT:LFSA_EHOMP(1.0);10/09/21 23:00:00;A;PC;T;USU;Y20-64;EMP;MLT;2012;1.8
ESTAT:LFSA_EHOMP(1.0);10/09/21 23:00:00;A;PC;T;USU;Y20-64;EMP;MLT;2013;2.3
ESTAT:LFSA_EHOMP(1.0);10/09/21 23:00:00;A;PC;T;USU;Y20-64;EMP;MLT;2014;2.7
ESTAT:LFSA_EHOMP(1.0);10/09/21 23:00:00;A;PC;T;USU;Y20-64;EMP;MLT;2015;2.7
ESTAT:LFSA_EHOMP(1.0);10/09/21 23:00:00;A;PC;T;USU;Y20-64;EMP;MLT;2016;3.7
ESTAT:LFSA_EHOMP(1.0);10/09/21 23:00:00;A;PC;T;USU;Y20-64;EMP;MLT;2017;4.5
ESTAT:LFSA_EHOMP(1.0);10/09/21 23:00:00;A;PC;T;USU;Y20-64;EMP;MLT;2018;5.9
ESTAT:LFSA_EHOMP(1.0);10/09/21 23:00:00;A;PC;T;USU;Y20-64;EMP;MLT;2019;6.2
ESTAT:LFSA_EHOMP(1.0);10/09/21 23:00:00;A;PC;T;USU;Y20-64;EMP;MLT;2020;15.0
ESTAT:LFSA_EHOMP(1.0);10/09/21 23:00:00;A;PC;T;USU;Y20-64;EMP;NLD;2010;11.5
ESTAT:LFSA_EHOMP(1.0);10/09/21 23:00:00;A;PC;T;USU;Y20-64;EMP;NLD;2011;11.8
ESTAT:LFSA_EHOMP(1.0);10/09/21 23:00:00;A;PC;T;USU;Y20-64;EMP;NLD;2012;12.1
ESTAT:LFSA_EHOMP(1.0);10/09/21 23:00:00;A;PC;T;USU;Y20-64;EMP;NLD;2013;13.2
ESTAT:LFSA_EHOMP(1.0);10/09/21 23:00:00;A;PC;T;USU;Y20-64;EMP;NLD;2014;13.8
ESTAT:LFSA_EHOMP(1.0);10/09/21 23:00:00;A;PC;T;USU;Y20-64;EMP;NLD;2015;14.3
ESTAT:LFSA_EHOMP(1.0);10/09/21 23:00:00;A;PC;T;USU;Y20-64;EMP;NLD;2016;14.2
ESTAT:LFSA_EHOMP(1.0);10/09/21 23:00:00;A;PC;T;USU;Y20-64;EMP;NLD;2017;14.6
ESTAT:LFSA_EHOMP(1.0);10/09/21 23:00:00;A;PC;T;USU;Y20-64;EMP;NLD;2018;14.9
ESTAT:LFSA_EHOMP(1.0);10/09/21 23:00:00;A;PC;T;USU;Y20-64;EMP;NLD;2019;15.0
ESTAT:LFSA_EHOMP(1.0);10/09/21 23:00:00;A;PC;T;USU;Y20-64;EMP;NLD;2020;18.9
ESTAT:LFSA_EHOMP(1.0);10/09/21 23:00:00;A;PC;T;USU;Y20-64;EMP;NOR;2010;4.7
ESTAT:LFSA_EHOMP(1.0);10/09/21 23:00:00;A;PC;T;USU;Y20-64;EMP;NOR;2011;4.4
ESTAT:LFSA_EHOMP(1.0);10/09/21 23:00:00;A;PC;T;USU;Y20-64;EMP;NOR;2012;4.8
ESTAT:LFSA_EHOMP(1.0);10/09/21 23:00:00;A;PC;T;USU;Y20-64;EMP;NOR;2013;5.4
ESTAT:LFSA_EHOMP(1.0);10/09/21 23:00:00;A;PC;T;USU;Y20-64;EMP;NOR;2014;4.6
ESTAT:LFSA_EHOMP(1.0);10/09/21 23:00:00;A;PC;T;USU;Y20-64;EMP;NOR;2015;4.3
ESTAT:LFSA_EHOMP(1.0);10/09/21 23:00:00;A;PC;T;USU;Y20-64;EMP;NOR;2016;5.0
ESTAT:LFSA_EHOMP(1.0);10/09/21 23:00:00;A;PC;T;USU;Y20-64;EMP;NOR;2017;5.2
ESTAT:LFSA_EHOMP(1.0);10/09/21 23:00:00;A;PC;T;USU;Y20-64;EMP;NOR;2018;5.7
ESTAT:LFSA_EHOMP(1.0);10/09/21 23:00:00;A;PC;T;USU;Y20-64;EMP;NOR;2019;5.1
ESTAT:LFSA_EHOMP(1.0);10/09/21 23:00:00;A;PC;T;USU;Y20-64;EMP;NOR;2020;4.8
ESTAT:LFSA_EHOMP(1.0);10/09/21 23:00:00;A;PC;T;USU;Y20-64;EMP;POL;2010;4.5
ESTAT:LFSA_EHOMP(1.0);10/09/21 23:00:00;A;PC;T;USU;Y20-64;EMP;POL;2011;4.7
ESTAT:LFSA_EHOMP(1.0);10/09/21 23:00:00;A;PC;T;USU;Y20-64;EMP;POL;2012;4.6
ESTAT:LFSA_EHOMP(1.0);10/09/21 23:00:00;A;PC;T;USU;Y20-64;EMP;POL;2013;4.0
ESTAT:LFSA_EHOMP(1.0);10/09/21 23:00:00;A;PC;T;USU;Y20-64;EMP;POL;2014;4.6
ESTAT:LFSA_EHOMP(1.0);10/09/21 23:00:00;A;PC;T;USU;Y20-64;EMP;POL;2015;5.6
ESTAT:LFSA_EHOMP(1.0);10/09/21 23:00:00;A;PC;T;USU;Y20-64;EMP;POL;2016;5.4
ESTAT:LFSA_EHOMP(1.0);10/09/21 23:00:00;A;PC;T;USU;Y20-64;EMP;POL;2017;4.5
ESTAT:LFSA_EHOMP(1.0);10/09/21 23:00:00;A;PC;T;USU;Y20-64;EMP;POL;2018;4.6
ESTAT:LFSA_EHOMP(1.0);10/09/21 23:00:00;A;PC;T;USU;Y20-64;EMP;POL;2019;4.6
ESTAT:LFSA_EHOMP(1.0);10/09/21 23:00:00;A;PC;T;USU;Y20-64;EMP;POL;2020;8.9
ESTAT:LFSA_EHOMP(1.0);10/09/21 23:00:00;A;PC;T;USU;Y20-64;EMP;PRT;2010;0.9
ESTAT:LFSA_EHOMP(1.0);10/09/21 23:00:00;A;PC;T;USU;Y20-64;EMP;PRT;2011;5.6
ESTAT:LFSA_EHOMP(1.0);10/09/21 23:00:00;A;PC;T;USU;Y20-64;EMP;PRT;2012;6.3
ESTAT:LFSA_EHOMP(1.0);10/09/21 23:00:00;A;PC;T;USU;Y20-64;EMP;PRT;2013;6.8
ESTAT:LFSA_EHOMP(1.0);10/09/21 23:00:00;A;PC;T;USU;Y20-64;EMP;PRT;2014;6.6
ESTAT:LFSA_EHOMP(1.0);10/09/21 23:00:00;A;PC;T;USU;Y20-64;EMP;PRT;2015;6.2
ESTAT:LFSA_EHOMP(1.0);10/09/21 23:00:00;A;PC;T;USU;Y20-64;EMP;PRT;2016;6.3
ESTAT:LFSA_EHOMP(1.0);10/09/21 23:00:00;A;PC;T;USU;Y20-64;EMP;PRT;2017;5.9
ESTAT:LFSA_EHOMP(1.0);10/09/21 23:00:00;A;PC;T;USU;Y20-64;EMP;PRT;2018;6.1
ESTAT:LFSA_EHOMP(1.0);10/09/21 23:00:00;A;PC;T;USU;Y20-64;EMP;PRT;2019;6.6
ESTAT:LFSA_EHOMP(1.0);10/09/21 23:00:00;A;PC;T;USU;Y20-64;EMP;PRT;2020;14.0
ESTAT:LFSA_EHOMP(1.0);10/09/21 23:00:00;A;PC;T;USU;Y20-64;EMP;ROU;2010;0.2
ESTAT:LFSA_EHOMP(1.0);10/09/21 23:00:00;A;PC;T;USU;Y20-64;EMP;ROU;2011;0.5
ESTAT:LFSA_EHOMP(1.0);10/09/21 23:00:00;A;PC;T;USU;Y20-64;EMP;ROU;2012;0.4
ESTAT:LFSA_EHOMP(1.0);10/09/21 23:00:00;A;PC;T;USU;Y20-64;EMP;ROU;2013;0.3
ESTAT:LFSA_EHOMP(1.0);10/09/21 23:00:00;A;PC;T;USU;Y20-64;EMP;ROU;2014;0.4
ESTAT:LFSA_EHOMP(1.0);10/09/21 23:00:00;A;PC;T;USU;Y20-64;EMP;ROU;2015;0.5
ESTAT:LFSA_EHOMP(1.0);10/09/21 23:00:00;A;PC;T;USU;Y20-64;EMP;ROU;2016;0.5
ESTAT:LFSA_EHOMP(1.0);10/09/21 23:00:00;A;PC;T;USU;Y20-64;EMP;ROU;2017;0.4
ESTAT:LFSA_EHOMP(1.0);10/09/21 23:00:00;A;PC;T;USU;Y20-64;EMP;ROU;2018;0.4
ESTAT:LFSA_EHOMP(1.0);10/09/21 23:00:00;A;PC;T;USU;Y20-64;EMP;ROU;2019;0.8
ESTAT:LFSA_EHOMP(1.0);10/09/21 23:00:00;A;PC;T;USU;Y20-64;EMP;ROU;2020;2.6
ESTAT:LFSA_EHOMP(1.0);10/09/21 23:00:00;A;PC;T;USU;Y20-64;EMP;SRB;2010;5.2
ESTAT:LFSA_EHOMP(1.0);10/09/21 23:00:00;A;PC;T;USU;Y20-64;EMP;SRB;2011;6.4
ESTAT:LFSA_EHOMP(1.0);10/09/21 23:00:00;A;PC;T;USU;Y20-64;EMP;SRB;2012;6.8
ESTAT:LFSA_EHOMP(1.0);10/09/21 23:00:00;A;PC;T;USU;Y20-64;EMP;SRB;2013;6.5
ESTAT:LFSA_EHOMP(1.0);10/09/21 23:00:00;A;PC;T;USU;Y20-64;EMP;SRB;2014;5.6
ESTAT:LFSA_EHOMP(1.0);10/09/21 23:00:00;A;PC;T;USU;Y20-64;EMP;SRB;2015;4.2
ESTAT:LFSA_EHOMP(1.0);10/09/21 23:00:00;A;PC;T;USU;Y20-64;EMP;SRB;2016;3.8
ESTAT:LFSA_EHOMP(1.0);10/09/21 23:00:00;A;PC;T;USU;Y20-64;EMP;SRB;2017;3.1
ESTAT:LFSA_EHOMP(1.0);10/09/21 23:00:00;A;PC;T;USU;Y20-64;EMP;SRB;2018;3.3
ESTAT:LFSA_EHOMP(1.0);10/09/21 23:00:00;A;PC;T;USU;Y20-64;EMP;SRB;2019;4.9
ESTAT:LFSA_EHOMP(1.0);10/09/21 23:00:00;A;PC;T;USU;Y20-64;EMP;SRB;2020;7.2
ESTAT:LFSA_EHOMP(1.0);10/09/21 23:00:00;A;PC;T;USU;Y20-64;EMP;SWE;2010;4.3
ESTAT:LFSA_EHOMP(1.0);10/09/21 23:00:00;A;PC;T;USU;Y20-64;EMP;SWE;2011;4.4
ESTAT:LFSA_EHOMP(1.0);10/09/21 23:00:00;A;PC;T;USU;Y20-64;EMP;SWE;2012;4.6
ESTAT:LFSA_EHOMP(1.0);10/09/21 23:00:00;A;PC;T;USU;Y20-64;EMP;SWE;2013;4.9
ESTAT:LFSA_EHOMP(1.0);10/09/21 23:00:00;A;PC;T;USU;Y20-64;EMP;SWE;2014;5.0
ESTAT:LFSA_EHOMP(1.0);10/09/21 23:00:00;A;PC;T;USU;Y20-64;EMP;SWE;2015;5.2
ESTAT:LFSA_EHOMP(1.0);10/09/21 23:00:00;A;PC;T;USU;Y20-64;EMP;SWE;2016;5.1
ESTAT:LFSA_EHOMP(1.0);10/09/21 23:00:00;A;PC;T;USU;Y20-64;EMP;SWE;2017;5.1
ESTAT:LFSA_EHOMP(1.0);10/09/21 23:00:00;A;PC;T;USU;Y20-64;EMP;SWE;2018;5.4
ESTAT:LFSA_EHOMP(1.0);10/09/21 23:00:00;A;PC;T;USU;Y20-64;EMP;SWE;2019;6.1
ESTAT:LFSA_EHOMP(1.0);10/09/21 23:00:00;A;PC;T;USU;Y20-64;EMP;SWE;2020;
ESTAT:LFSA_EHOMP(1.0);10/09/21 23:00:00;A;PC;T;USU;Y20-64;EMP;SVN;2010;6.8
ESTAT:LFSA_EHOMP(1.0);10/09/21 23:00:00;A;PC;T;USU;Y20-64;EMP;SVN;2011;6.7
ESTAT:LFSA_EHOMP(1.0);10/09/21 23:00:00;A;PC;T;USU;Y20-64;EMP;SVN;2012;6.6
ESTAT:LFSA_EHOMP(1.0);10/09/21 23:00:00;A;PC;T;USU;Y20-64;EMP;SVN;2013;7.1
ESTAT:LFSA_EHOMP(1.0);10/09/21 23:00:00;A;PC;T;USU;Y20-64;EMP;SVN;2014;7.6
ESTAT:LFSA_EHOMP(1.0);10/09/21 23:00:00;A;PC;T;USU;Y20-64;EMP;SVN;2015;8.0
ESTAT:LFSA_EHOMP(1.0);10/09/21 23:00:00;A;PC;T;USU;Y20-64;EMP;SVN;2016;7.5
ESTAT:LFSA_EHOMP(1.0);10/09/21 23:00:00;A;PC;T;USU;Y20-64;EMP;SVN;2017;7.2
ESTAT:LFSA_EHOMP(1.0);10/09/21 23:00:00;A;PC;T;USU;Y20-64;EMP;SVN;2018;7.0
ESTAT:LFSA_EHOMP(1.0);10/09/21 23:00:00;A;PC;T;USU;Y20-64;EMP;SVN;2019;6.9
ESTAT:LFSA_EHOMP(1.0);10/09/21 23:00:00;A;PC;T;USU;Y20-64;EMP;SVN;2020;7.5
ESTAT:LFSA_EHOMP(1.0);10/09/21 23:00:00;A;PC;T;USU;Y20-64;EMP;SVK;2010;3.1
ESTAT:LFSA_EHOMP(1.0);10/09/21 23:00:00;A;PC;T;USU;Y20-64;EMP;SVK;2011;3.6
ESTAT:LFSA_EHOMP(1.0);10/09/21 23:00:00;A;PC;T;USU;Y20-64;EMP;SVK;2012;3.5
ESTAT:LFSA_EHOMP(1.0);10/09/21 23:00:00;A;PC;T;USU;Y20-64;EMP;SVK;2013;3.5
ESTAT:LFSA_EHOMP(1.0);10/09/21 23:00:00;A;PC;T;USU;Y20-64;EMP;SVK;2014;3.6
ESTAT:LFSA_EHOMP(1.0);10/09/21 23:00:00;A;PC;T;USU;Y20-64;EMP;SVK;2015;3.2
ESTAT:LFSA_EHOMP(1.0);10/09/21 23:00:00;A;PC;T;USU;Y20-64;EMP;SVK;2016;3.3
ESTAT:LFSA_EHOMP(1.0);10/09/21 23:00:00;A;PC;T;USU;Y20-64;EMP;SVK;2017;3.5
ESTAT:LFSA_EHOMP(1.0);10/09/21 23:00:00;A;PC;T;USU;Y20-64;EMP;SVK;2018;3.6
ESTAT:LFSA_EHOMP(1.0);10/09/21 23:00:00;A;PC;T;USU;Y20-64;EMP;SVK;2019;3.7
ESTAT:LFSA_EHOMP(1.0);10/09/21 23:00:00;A;PC;T;USU;Y20-64;EMP;SVK;2020;5.7
ESTAT:LFSA_EHOMP(1.0);10/09/21 23:00:00;A;PC;T;USU;Y20-64;EMP;TUR;2010;2.4
ESTAT:LFSA_EHOMP(1.0);10/09/21 23:00:00;A;PC;T;USU;Y20-64;EMP;TUR;2011;2.0
ESTAT:LFSA_EHOMP(1.0);10/09/21 23:00:00;A;PC;T;USU;Y20-64;EMP;TUR;2012;1.3
ESTAT:LFSA_EHOMP(1.0);10/09/21 23:00:00;A;PC;T;USU;Y20-64;EMP;TUR;2013;1.6
ESTAT:LFSA_EHOMP(1.0);10/09/21 23:00:00;A;PC;T;USU;Y20-64;EMP;TUR;2014;1.9
ESTAT:LFSA_EHOMP(1.0);10/09/21 23:00:00;A;PC;T;USU;Y20-64;EMP;TUR;2015;1.9
ESTAT:LFSA_EHOMP(1.0);10/09/21 23:00:00;A;PC;T;USU;Y20-64;EMP;TUR;2016;1.9
ESTAT:LFSA_EHOMP(1.0);10/09/21 23:00:00;A;PC;T;USU;Y20-64;EMP;TUR;2017;2.2
ESTAT:LFSA_EHOMP(1.0);10/09/21 23:00:00;A;PC;T;USU;Y20-64;EMP;TUR;2018;2.3
ESTAT:LFSA_EHOMP(1.0);10/09/21 23:00:00;A;PC;T;USU;Y20-64;EMP;TUR;2019;2.2
ESTAT:LFSA_EHOMP(1.0);10/09/21 23:00:00;A;PC;T;USU;Y20-64;EMP;TUR;2020;3.1
ESTAT:LFSA_EHOMP(1.0);10/09/21 23:00:00;A;PC;T;USU;Y20-64;EMP;GBR;2010;3.0
ESTAT:LFSA_EHOMP(1.0);10/09/21 23:00:00;A;PC;T;USU;Y20-64;EMP;GBR;2011;3.6
ESTAT:LFSA_EHOMP(1.0);10/09/21 23:00:00;A;PC;T;USU;Y20-64;EMP;GBR;2012;3.6
ESTAT:LFSA_EHOMP(1.0);10/09/21 23:00:00;A;PC;T;USU;Y20-64;EMP;GBR;2013;3.5
ESTAT:LFSA_EHOMP(1.0);10/09/21 23:00:00;A;PC;T;USU;Y20-64;EMP;GBR;2014;3.8
ESTAT:LFSA_EHOMP(1.0);10/09/21 23:00:00;A;PC;T;USU;Y20-64;EMP;GBR;2015;3.9
ESTAT:LFSA_EHOMP(1.0);10/09/21 23:00:00;A;PC;T;USU;Y20-64;EMP;GBR;2016;4.2
ESTAT:LFSA_EHOMP(1.0);10/09/21 23:00:00;A;PC;T;USU;Y20-64;EMP;GBR;2017;4.1
ESTAT:LFSA_EHOMP(1.0);10/09/21 23:00:00;A;PC;T;USU;Y20-64;EMP;GBR;2018;4.5
ESTAT:LFSA_EHOMP(1.0);10/09/21 23:00:00;A;PC;T;USU;Y20-64;EMP;GBR;2019;4.8