"LOCATION","INDICATOR","SUBJECT","MEASURE","FREQUENCY","TIME","Value","Flag Codes"
"AUS","WKGPOP","TOT","PC_POP","A","2000",66.8523430954823,
"AUS","WKGPOP","TOT","PC_POP","A","2001",66.9032323769899,
"AUS","WKGPOP","TOT","PC_POP","A","2002",67.0161285772249,
"AUS","WKGPOP","TOT","PC_POP","A","2003",67.1361369506626,
"AUS","WKGPOP","TOT","PC_POP","A","2004",67.2243409605572,
"AUS","WKGPOP","TOT","PC_POP","A","2005",67.3126778400031,
"AUS","WKGPOP","TOT","PC_POP","A","2006",67.4027574052003,
"AUS","WKGPOP","TOT","PC_POP","A","2007",67.4304104424403,
"AUS","WKGPOP","TOT","PC_POP","A","2008",67.4996549281693,
"AUS","WKGPOP","TOT","PC_POP","A","2009",67.5054455278258,
"AUS","WKGPOP","TOT","PC_POP","A","2010",67.3862811624133,
"AUS","WKGPOP","TOT","PC_POP","A","2011",67.2268749576993,
"AUS","WKGPOP","TOT","PC_POP","A","2012",66.9304833205145,
"AUS","WKGPOP","TOT","PC_POP","A","2013",66.6713031564291,
"AUS","WKGPOP","TOT","PC_POP","A","2014",66.4253900823175,
"AUS","WKGPOP","TOT","PC_POP","A","2015",66.1831428835957,
"AUS","WKGPOP","TOT","PC_POP","A","2016",65.9175739049387,
"AUS","WKGPOP","TOT","PC_POP","A","2017",65.7345013750993,
"AUT","WKGPOP","TOT","PC_POP","A","2000",67.5306176095909,
"AUT","WKGPOP","TOT","PC_POP","A","2001",67.7194800040237,
"AUT","WKGPOP","TOT","PC_POP","A","2002",67.9192998966484,
"AUT","WKGPOP","TOT","PC_POP","A","2003",68.1230118085867,
"AUT","WKGPOP","TOT","PC_POP","A","2004",68.0552439267264,
"AUT","WKGPOP","TOT","PC_POP","A","2005",67.756019918111,
"AUT","WKGPOP","TOT","PC_POP","A","2006",67.5613828243719,
"AUT","WKGPOP","TOT","PC_POP","A","2007",67.4661662320171,
"AUT","WKGPOP","TOT","PC_POP","A","2008",67.4856375760211,
"AUT","WKGPOP","TOT","PC_POP","A","2009",67.4569857662001,
"AUT","WKGPOP","TOT","PC_POP","A","2010",67.5055546126937,
"AUT","WKGPOP","TOT","PC_POP","A","2011",67.6576264696549,
"AUT","WKGPOP","TOT","PC_POP","A","2012",67.5673613281067,
"AUT","WKGPOP","TOT","PC_POP","A","2013",67.439104518811,
"AUT","WKGPOP","TOT","PC_POP","A","2014",67.3005707442428,
"AUT","WKGPOP","TOT","PC_POP","A","2015",67.2390894556232,
"AUT","WKGPOP","TOT","PC_POP","A","2016",67.1433439140411,
"AUT","WKGPOP","TOT","PC_POP","A","2017",66.9827982098614,
"BEL","WKGPOP","TOT","PC_POP","A","2000",65.5909861502703,
"BEL","WKGPOP","TOT","PC_POP","A","2001",65.5547509466468,
"BEL","WKGPOP","TOT","PC_POP","A","2002",65.5624143079362,
"BEL","WKGPOP","TOT","PC_POP","A","2003",65.5813776427242,
"BEL","WKGPOP","TOT","PC_POP","A","2004",65.5895668925826,
"BEL","WKGPOP","TOT","PC_POP","A","2005",65.6468024358558,
"BEL","WKGPOP","TOT","PC_POP","A","2006",65.8089586266761,
"BEL","WKGPOP","TOT","PC_POP","A","2007",65.9882580923367,
"BEL","WKGPOP","TOT","PC_POP","A","2008",66.0510910575337,
"BEL","WKGPOP","TOT","PC_POP","A","2009",65.9887585770868,
"BEL","WKGPOP","TOT","PC_POP","A","2010",65.8956757638343,
"BEL","WKGPOP","TOT","PC_POP","A","2011",65.7203962736192,
"BEL","WKGPOP","TOT","PC_POP","A","2012",65.4776834456296,
"BEL","WKGPOP","TOT","PC_POP","A","2013",65.2488491494812,
"BEL","WKGPOP","TOT","PC_POP","A","2014",65.0118544393279,
"BEL","WKGPOP","TOT","PC_POP","A","2015",64.8108364178268,
"BEL","WKGPOP","TOT","PC_POP","A","2016",64.6308903149472,
"BEL","WKGPOP","TOT","PC_POP","A","2017",64.4304063033826,
"CAN","WKGPOP","TOT","PC_POP","A","2000",68.2759901752378,
"CAN","WKGPOP","TOT","PC_POP","A","2001",68.4954647675944,
"CAN","WKGPOP","TOT","PC_POP","A","2002",68.6984972199847,
"CAN","WKGPOP","TOT","PC_POP","A","2003",68.8636541466845,
"CAN","WKGPOP","TOT","PC_POP","A","2004",69.0417713725658,
"CAN","WKGPOP","TOT","PC_POP","A","2005",69.2605572310395,
"CAN","WKGPOP","TOT","PC_POP","A","2006",69.3991165316915,
"CAN","WKGPOP","TOT","PC_POP","A","2007",69.4648929240073,
"CAN","WKGPOP","TOT","PC_POP","A","2008",69.4486150649208,
"CAN","WKGPOP","TOT","PC_POP","A","2009",69.4028632222379,
"CAN","WKGPOP","TOT","PC_POP","A","2010",69.3391500263389,
"CAN","WKGPOP","TOT","PC_POP","A","2011",69.1780340022961,
"CAN","WKGPOP","TOT","PC_POP","A","2012",68.8449563985619,
"CAN","WKGPOP","TOT","PC_POP","A","2013",68.4831699177897,
"CAN","WKGPOP","TOT","PC_POP","A","2014",68.1288050334343,
"CAN","WKGPOP","TOT","PC_POP","A","2015",67.7447282445452,
"CAN","WKGPOP","TOT","PC_POP","A","2016",67.3581848448858,
"CAN","WKGPOP","TOT","PC_POP","A","2017",67.0350287225756,
"CZE","WKGPOP","TOT","PC_POP","A","2000",69.7517635185894,
"CZE","WKGPOP","TOT","PC_POP","A","2001",70.1092565554325,
"CZE","WKGPOP","TOT","PC_POP","A","2002",70.3884332698676,
"CZE","WKGPOP","TOT","PC_POP","A","2003",70.681059369704,
"CZE","WKGPOP","TOT","PC_POP","A","2004",70.9295053955046,
"CZE","WKGPOP","TOT","PC_POP","A","2005",71.0845671506568,
"CZE","WKGPOP","TOT","PC_POP","A","2006",71.1779776959291,
"CZE","WKGPOP","TOT","PC_POP","A","2007",71.207347232877,
"CZE","WKGPOP","TOT","PC_POP","A","2008",71.0906132223272,
"CZE","WKGPOP","TOT","PC_POP","A","2009",70.7724220730474,
"CZE","WKGPOP","TOT","PC_POP","A","2010",70.306573573864,
"CZE","WKGPOP","TOT","PC_POP","A","2011",69.5039151456767,
"CZE","WKGPOP","TOT","PC_POP","A","2012",68.7410733707314,
"CZE","WKGPOP","TOT","PC_POP","A","2013",67.9860435808435,
"CZE","WKGPOP","TOT","PC_POP","A","2014",67.2953162074695,
"CZE","WKGPOP","TOT","PC_POP","A","2015",66.6318945888159,
"CZE","WKGPOP","TOT","PC_POP","A","2016",65.9663762942861,
"CZE","WKGPOP","TOT","PC_POP","A","2017",65.3180038464422,
"DNK","WKGPOP","TOT","PC_POP","A","2000",66.6694708079524,
"DNK","WKGPOP","TOT","PC_POP","A","2001",66.5195416241992,
"DNK","WKGPOP","TOT","PC_POP","A","2002",66.4015756602543,
"DNK","WKGPOP","TOT","PC_POP","A","2003",66.2886144015397,
"DNK","WKGPOP","TOT","PC_POP","A","2004",66.1888325452026,
"DNK","WKGPOP","TOT","PC_POP","A","2005",66.1202464264072,
"DNK","WKGPOP","TOT","PC_POP","A","2006",66.0863321769701,
"DNK","WKGPOP","TOT","PC_POP","A","2007",66.0187836182515,
"DNK","WKGPOP","TOT","PC_POP","A","2008",65.8931955455817,
"DNK","WKGPOP","TOT","PC_POP","A","2009",65.6917611765394,
"DNK","WKGPOP","TOT","PC_POP","A","2010",65.4190189109709,
"DNK","WKGPOP","TOT","PC_POP","A","2011",65.0823552827664,
"DNK","WKGPOP","TOT","PC_POP","A","2012",64.7880424228377,
"DNK","WKGPOP","TOT","PC_POP","A","2013",64.5763680683727,
"DNK","WKGPOP","TOT","PC_POP","A","2014",64.4477145049248,
"DNK","WKGPOP","TOT","PC_POP","A","2015",64.3651463418586,
"DNK","WKGPOP","TOT","PC_POP","A","2016",64.261949083022,
"DNK","WKGPOP","TOT","PC_POP","A","2017",64.1323423879137,
"FIN","WKGPOP","TOT","PC_POP","A","2000",66.9285188390023,
"FIN","WKGPOP","TOT","PC_POP","A","2001",66.9189987287985,
"FIN","WKGPOP","TOT","PC_POP","A","2002",66.8832699624159,
"FIN","WKGPOP","TOT","PC_POP","A","2003",66.8246943704309,
"FIN","WKGPOP","TOT","PC_POP","A","2004",66.730270784842,
"FIN","WKGPOP","TOT","PC_POP","A","2005",66.7031699738854,
"FIN","WKGPOP","TOT","PC_POP","A","2006",66.5990096208585,
"FIN","WKGPOP","TOT","PC_POP","A","2007",66.5351855524939,
"FIN","WKGPOP","TOT","PC_POP","A","2008",66.5651810762153,
"FIN","WKGPOP","TOT","PC_POP","A","2009",66.4536501845804,
"FIN","WKGPOP","TOT","PC_POP","A","2010",66.182720807795,
"FIN","WKGPOP","TOT","PC_POP","A","2011",65.6908374335965,
"FIN","WKGPOP","TOT","PC_POP","A","2012",65.1068430967533,
"FIN","WKGPOP","TOT","PC_POP","A","2013",64.5047274532426,
"FIN","WKGPOP","TOT","PC_POP","A","2014",63.9333978698553,
"FIN","WKGPOP","TOT","PC_POP","A","2015",63.4355550332072,
"FIN","WKGPOP","TOT","PC_POP","A","2016",63.0295141463692,
"FIN","WKGPOP","TOT","PC_POP","A","2017",62.6567365181677,
"FRA","WKGPOP","TOT","PC_POP","A","2000",65.0463039964904,
"FRA","WKGPOP","TOT","PC_POP","A","2001",65.0000522372614,
"FRA","WKGPOP","TOT","PC_POP","A","2002",64.9891314846063,
"FRA","WKGPOP","TOT","PC_POP","A","2003",65.0159796783703,
"FRA","WKGPOP","TOT","PC_POP","A","2004",65.0398826707291,
"FRA","WKGPOP","TOT","PC_POP","A","2005",65.0714834739576,
"FRA","WKGPOP","TOT","PC_POP","A","2006",65.1298385828962,
"FRA","WKGPOP","TOT","PC_POP","A","2007",65.1394880393971,
"FRA","WKGPOP","TOT","PC_POP","A","2008",65.0462738675619,
"FRA","WKGPOP","TOT","PC_POP","A","2009",64.895262029347,
"FRA","WKGPOP","TOT","PC_POP","A","2010",64.753493842489,
"FRA","WKGPOP","TOT","PC_POP","A","2011",64.4819297129731,
"FRA","WKGPOP","TOT","PC_POP","A","2012",64.0609334147037,
"FRA","WKGPOP","TOT","PC_POP","A","2013",63.6427936301106,
"FRA","WKGPOP","TOT","PC_POP","A","2014",63.2100079377855,
"FRA","WKGPOP","TOT","PC_POP","A","2015",62.861157738062,
"FRA","WKGPOP","TOT","PC_POP","A","2016",62.5623946942746,
"FRA","WKGPOP","TOT","PC_POP","A","2017",62.2957618397916,
"DEU","WKGPOP","TOT","PC_POP","A","2000",67.9366540211934,
"DEU","WKGPOP","TOT","PC_POP","A","2001",67.7256419149666,
"DEU","WKGPOP","TOT","PC_POP","A","2002",67.5476166112042,
"DEU","WKGPOP","TOT","PC_POP","A","2003",67.3610937529817,
"DEU","WKGPOP","TOT","PC_POP","A","2004",67.0887793907499,
"DEU","WKGPOP","TOT","PC_POP","A","2005",66.768258261447,
"DEU","WKGPOP","TOT","PC_POP","A","2006",66.4584975363164,
"DEU","WKGPOP","TOT","PC_POP","A","2007",66.2431331450579,
"DEU","WKGPOP","TOT","PC_POP","A","2008",66.1012713211141,
"DEU","WKGPOP","TOT","PC_POP","A","2009",65.9396106395439,
"DEU","WKGPOP","TOT","PC_POP","A","2010",65.9379069912817,
"DEU","WKGPOP","TOT","PC_POP","A","2011",65.8445923518811,
"DEU","WKGPOP","TOT","PC_POP","A","2012",65.9471971105401,
"DEU","WKGPOP","TOT","PC_POP","A","2013",65.9663400131972,
"DEU","WKGPOP","TOT","PC_POP","A","2014",65.8749301315056,
"DEU","WKGPOP","TOT","PC_POP","A","2015",65.74913723924,
"DEU","WKGPOP","TOT","PC_POP","A","2016",65.5491857433664,
"DEU","WKGPOP","TOT","PC_POP","A","2017",65.2541575426159,
"GRC","WKGPOP","TOT","PC_POP","A","2000",67.8633690073651,
"GRC","WKGPOP","TOT","PC_POP","A","2001",67.3100825814166,
"GRC","WKGPOP","TOT","PC_POP","A","2002",66.772595028702,
"GRC","WKGPOP","TOT","PC_POP","A","2003",66.6910595025362,
"GRC","WKGPOP","TOT","PC_POP","A","2004",66.6534582573188,
"GRC","WKGPOP","TOT","PC_POP","A","2005",66.6404151841997,
"GRC","WKGPOP","TOT","PC_POP","A","2006",66.6565702082853,
"GRC","WKGPOP","TOT","PC_POP","A","2007",66.6851941255917,
"GRC","WKGPOP","TOT","PC_POP","A","2008",66.6482154145768,
"GRC","WKGPOP","TOT","PC_POP","A","2009",66.4895714123783,
"GRC","WKGPOP","TOT","PC_POP","A","2010",66.2288568719752,
"GRC","WKGPOP","TOT","PC_POP","A","2011",65.8686525767904,
"GRC","WKGPOP","TOT","PC_POP","A","2012",65.4599316795548,
"GRC","WKGPOP","TOT","PC_POP","A","2013",65.0621889651168,
"GRC","WKGPOP","TOT","PC_POP","A","2014",64.7203030732854,
"GRC","WKGPOP","TOT","PC_POP","A","2015",64.4363264994178,
"GRC","WKGPOP","TOT","PC_POP","A","2016",64.16088358111,
"GRC","WKGPOP","TOT","PC_POP","A","2017",63.9169332715556,
"HUN","WKGPOP","TOT","PC_POP","A","2000",68.1847602063076,
"HUN","WKGPOP","TOT","PC_POP","A","2001",68.3486300669305,
"HUN","WKGPOP","TOT","PC_POP","A","2002",68.4751850892986,
"HUN","WKGPOP","TOT","PC_POP","A","2003",68.5763953674565,
"HUN","WKGPOP","TOT","PC_POP","A","2004",68.6830300164042,
"HUN","WKGPOP","TOT","PC_POP","A","2005",68.7646970416763,
"HUN","WKGPOP","TOT","PC_POP","A","2006",68.8278580459826,
"HUN","WKGPOP","TOT","PC_POP","A","2007",68.8364838603239,
"HUN","WKGPOP","TOT","PC_POP","A","2008",68.7912537185504,
"HUN","WKGPOP","TOT","PC_POP","A","2009",68.7048142072648,
"HUN","WKGPOP","TOT","PC_POP","A","2010",68.6566726866546,
"HUN","WKGPOP","TOT","PC_POP","A","2011",68.6481757283792,
"HUN","WKGPOP","TOT","PC_POP","A","2012",68.5054399213577,
"HUN","WKGPOP","TOT","PC_POP","A","2013",68.2092629769709,
"HUN","WKGPOP","TOT","PC_POP","A","2014",67.8251260380363,
"HUN","WKGPOP","TOT","PC_POP","A","2015",67.4264466462292,
"HUN","WKGPOP","TOT","PC_POP","A","2016",67.0261419727235,
"HUN","WKGPOP","TOT","PC_POP","A","2017",66.6684171149296,
"ISL","WKGPOP","TOT","PC_POP","A","2000",65.1429587482219,
"ISL","WKGPOP","TOT","PC_POP","A","2001",65.2194967891357,
"ISL","WKGPOP","TOT","PC_POP","A","2002",65.3066264138344,
"ISL","WKGPOP","TOT","PC_POP","A","2003",65.4882875912711,
"ISL","WKGPOP","TOT","PC_POP","A","2004",65.7549207914351,
"ISL","WKGPOP","TOT","PC_POP","A","2005",66.2114890777599,
"ISL","WKGPOP","TOT","PC_POP","A","2006",66.8369631053643,
"ISL","WKGPOP","TOT","PC_POP","A","2007",67.3450654273399,
"ISL","WKGPOP","TOT","PC_POP","A","2008",67.527189323386,
"ISL","WKGPOP","TOT","PC_POP","A","2009",67.2968059754915,
"ISL","WKGPOP","TOT","PC_POP","A","2010",66.9325627900542,
"ISL","WKGPOP","TOT","PC_POP","A","2011",66.7146273952936,
"ISL","WKGPOP","TOT","PC_POP","A","2012",66.5200188324504,
"ISL","WKGPOP","TOT","PC_POP","A","2013",66.3337070635002,
"ISL","WKGPOP","TOT","PC_POP","A","2014",66.187812901866,
"ISL","WKGPOP","TOT","PC_POP","A","2015",66.1206463977172,
"ISL","WKGPOP","TOT","PC_POP","A","2016",66.1836123242953,
"ISL","WKGPOP","TOT","PC_POP","A","2017",66.4177822300007,
"IRL","WKGPOP","TOT","PC_POP","A","2000",66.9435255398022,
"IRL","WKGPOP","TOT","PC_POP","A","2001",67.3175906204984,
"IRL","WKGPOP","TOT","PC_POP","A","2002",67.7466549474204,
"IRL","WKGPOP","TOT","PC_POP","A","2003",67.9238655297067,
"IRL","WKGPOP","TOT","PC_POP","A","2004",68.0236864145745,
"IRL","WKGPOP","TOT","PC_POP","A","2005",68.2531903153461,
"IRL","WKGPOP","TOT","PC_POP","A","2006",68.6405796081153,
"IRL","WKGPOP","TOT","PC_POP","A","2007",69.0299146998452,
"IRL","WKGPOP","TOT","PC_POP","A","2008",68.8492041372821,
"IRL","WKGPOP","TOT","PC_POP","A","2009",68.3397762603965,
"IRL","WKGPOP","TOT","PC_POP","A","2010",67.6655404463416,
"IRL","WKGPOP","TOT","PC_POP","A","2011",67.0313459039872,
"IRL","WKGPOP","TOT","PC_POP","A","2012",66.5175347873401,
"IRL","WKGPOP","TOT","PC_POP","A","2013",66.1276897649647,
"IRL","WKGPOP","TOT","PC_POP","A","2014",65.8374664186815,
"IRL","WKGPOP","TOT","PC_POP","A","2015",65.6133053826891,
"IRL","WKGPOP","TOT","PC_POP","A","2016",65.4964124586964,
"IRL","WKGPOP","TOT","PC_POP","A","2017",65.4271370414962,
"ITA","WKGPOP","TOT","PC_POP","A","2000",67.4457257536022,
"ITA","WKGPOP","TOT","PC_POP","A","2001",67.1979748451374,
"ITA","WKGPOP","TOT","PC_POP","A","2002",66.9413811284719,
"ITA","WKGPOP","TOT","PC_POP","A","2003",66.724702912604,
"ITA","WKGPOP","TOT","PC_POP","A","2004",66.507156770528,
"ITA","WKGPOP","TOT","PC_POP","A","2005",66.2054966035196,
"ITA","WKGPOP","TOT","PC_POP","A","2006",65.9365245428744,
"ITA","WKGPOP","TOT","PC_POP","A","2007",65.7968522053493,
"ITA","WKGPOP","TOT","PC_POP","A","2008",65.7142942068899,
"ITA","WKGPOP","TOT","PC_POP","A","2009",65.600894735824,
"ITA","WKGPOP","TOT","PC_POP","A","2010",65.5099511024868,
"ITA","WKGPOP","TOT","PC_POP","A","2011",65.3089857597711,
"ITA","WKGPOP","TOT","PC_POP","A","2012",65.0031317678553,
"ITA","WKGPOP","TOT","PC_POP","A","2013",64.7240773651298,
"ITA","WKGPOP","TOT","PC_POP","A","2014",64.4556343735223,
"ITA","WKGPOP","TOT","PC_POP","A","2015",64.2608379311972,
"ITA","WKGPOP","TOT","PC_POP","A","2016",64.1341893117916,
"ITA","WKGPOP","TOT","PC_POP","A","2017",64.0469739686779,
"JPN","WKGPOP","TOT","PC_POP","A","2000",68.052690420185,
"JPN","WKGPOP","TOT","PC_POP","A","2001",67.6709272454455,
"JPN","WKGPOP","TOT","PC_POP","A","2002",67.2546788558873,
"JPN","WKGPOP","TOT","PC_POP","A","2003",66.9226369114317,
"JPN","WKGPOP","TOT","PC_POP","A","2004",66.6285526326094,
"JPN","WKGPOP","TOT","PC_POP","A","2005",66.0744434948239,
"JPN","WKGPOP","TOT","PC_POP","A","2006",65.5325281528382,
"JPN","WKGPOP","TOT","PC_POP","A","2007",64.9711910022891,
"JPN","WKGPOP","TOT","PC_POP","A","2008",64.4510085415848,
"JPN","WKGPOP","TOT","PC_POP","A","2009",63.9106790535961,
"JPN","WKGPOP","TOT","PC_POP","A","2010",63.8264931481638,
"JPN","WKGPOP","TOT","PC_POP","A","2011",63.6483984692895,
"JPN","WKGPOP","TOT","PC_POP","A","2012",62.8752264325054,
"JPN","WKGPOP","TOT","PC_POP","A","2013",62.0673705522588,
"JPN","WKGPOP","TOT","PC_POP","A","2014",61.2599669200387,
"JPN","WKGPOP","TOT","PC_POP","A","2015",60.806257567927,
"JPN","WKGPOP","TOT","PC_POP","A","2016",60.3168061278926,
"JPN","WKGPOP","TOT","PC_POP","A","2017",59.9515090854663,
"KOR","WKGPOP","TOT","PC_POP","A","2000",71.6939806409154,
"KOR","WKGPOP","TOT","PC_POP","A","2001",71.6628023495971,
"KOR","WKGPOP","TOT","PC_POP","A","2002",71.6877579088695,
"KOR","WKGPOP","TOT","PC_POP","A","2003",71.7600500957043,
"KOR","WKGPOP","TOT","PC_POP","A","2004",71.7967854387995,
"KOR","WKGPOP","TOT","PC_POP","A","2005",71.8913139003176,
"KOR","WKGPOP","TOT","PC_POP","A","2006",72.1183418275772,
"KOR","WKGPOP","TOT","PC_POP","A","2007",72.3211769835278,
"KOR","WKGPOP","TOT","PC_POP","A","2008",72.5461315558131,
"KOR","WKGPOP","TOT","PC_POP","A","2009",72.8113189313625,
"KOR","WKGPOP","TOT","PC_POP","A","2010",73.0687374642088,
"KOR","WKGPOP","TOT","PC_POP","A","2011",73.3930045510873,
"KOR","WKGPOP","TOT","PC_POP","A","2012",73.4183285357429,
"KOR","WKGPOP","TOT","PC_POP","A","2013",73.3983928618064,
"KOR","WKGPOP","TOT","PC_POP","A","2014",73.4153552847686,
"KOR","WKGPOP","TOT","PC_POP","A","2015",73.3978925823446,
"KOR","WKGPOP","TOT","PC_POP","A","2016",73.4044703166983,
"KOR","WKGPOP","TOT","PC_POP","A","2017",73.1506427009696,
"LUX","WKGPOP","TOT","PC_POP","A","2000",66.9894545762922,
"LUX","WKGPOP","TOT","PC_POP","A","2001",67.166754997486,
"LUX","WKGPOP","TOT","PC_POP","A","2002",67.1411537409843,
"LUX","WKGPOP","TOT","PC_POP","A","2003",67.214022221927,
"LUX","WKGPOP","TOT","PC_POP","A","2004",67.3015380988347,
"LUX","WKGPOP","TOT","PC_POP","A","2005",67.3994737204183,
"LUX","WKGPOP","TOT","PC_POP","A","2006",67.5637534619299,
"LUX","WKGPOP","TOT","PC_POP","A","2007",67.7482124702078,
"LUX","WKGPOP","TOT","PC_POP","A","2008",67.9731994671,
"LUX","WKGPOP","TOT","PC_POP","A","2009",68.1951774166655,
"LUX","WKGPOP","TOT","PC_POP","A","2010",68.4114700968334,
"LUX","WKGPOP","TOT","PC_POP","A","2011",68.7115487382102,
"LUX","WKGPOP","TOT","PC_POP","A","2012",68.9680046407208,
"LUX","WKGPOP","TOT","PC_POP","A","2013",69.0612818804545,
"LUX","WKGPOP","TOT","PC_POP","A","2014",69.1261535585506,
"LUX","WKGPOP","TOT","PC_POP","A","2015",69.2386829469545,
"LUX","WKGPOP","TOT","PC_POP","A","2016",69.4153316685491,
"LUX","WKGPOP","TOT","PC_POP","A","2017",69.5318251257259,
"MEX","WKGPOP","TOT","PC_POP","A","2000",60.7731374944292,
"MEX","WKGPOP","TOT","PC_POP","A","2001",61.1297739593186,
"MEX","WKGPOP","TOT","PC_POP","A","2002",61.5019439526009,
"MEX","WKGPOP","TOT","PC_POP","A","2003",61.8697557948854,
"MEX","WKGPOP","TOT","PC_POP","A","2004",62.2208001569427,
"MEX","WKGPOP","TOT","PC_POP","A","2005",62.5594130310365,
"MEX","WKGPOP","TOT","PC_POP","A","2006",62.90549394757,
"MEX","WKGPOP","TOT","PC_POP","A","2007",63.2617169117304,
"MEX","WKGPOP","TOT","PC_POP","A","2008",63.6229021801767,
"MEX","WKGPOP","TOT","PC_POP","A","2009",63.9786991058008,
"MEX","WKGPOP","TOT","PC_POP","A","2010",64.3148314233931,
"MEX","WKGPOP","TOT","PC_POP","A","2011",64.6290844665617,
"MEX","WKGPOP","TOT","PC_POP","A","2012",64.9166922291547,
"MEX","WKGPOP","TOT","PC_POP","A","2013",65.1799578551759,
"MEX","WKGPOP","TOT","PC_POP","A","2014",65.4239687062172,
"MEX","WKGPOP","TOT","PC_POP","A","2015",65.6526850919423,
"MEX","WKGPOP","TOT","PC_POP","A","2016",65.867767035965,
"MEX","WKGPOP","TOT","PC_POP","A","2017",66.0645633847209,
"NLD","WKGPOP","TOT","PC_POP","A","2000",67.8188540959926,
"NLD","WKGPOP","TOT","PC_POP","A","2001",67.7524659760185,
"NLD","WKGPOP","TOT","PC_POP","A","2002",67.7145612391069,
"NLD","WKGPOP","TOT","PC_POP","A","2003",67.6511372391628,
"NLD","WKGPOP","TOT","PC_POP","A","2004",67.5585164936235,
"NLD","WKGPOP","TOT","PC_POP","A","2005",67.4865996183426,
"NLD","WKGPOP","TOT","PC_POP","A","2006",67.4478542154653,
"NLD","WKGPOP","TOT","PC_POP","A","2007",67.4102180873091,
"NLD","WKGPOP","TOT","PC_POP","A","2008",67.3304028618006,
"NLD","WKGPOP","TOT","PC_POP","A","2009",67.1934238442209,
"NLD","WKGPOP","TOT","PC_POP","A","2010",67.0388236448257,
"NLD","WKGPOP","TOT","PC_POP","A","2011",66.7075878295394,
"NLD","WKGPOP","TOT","PC_POP","A","2012",66.2329901892353,
"NLD","WKGPOP","TOT","PC_POP","A","2013",65.8680538405647,
"NLD","WKGPOP","TOT","PC_POP","A","2014",65.5978639322318,
"NLD","WKGPOP","TOT","PC_POP","A","2015",65.4076449571058,
"NLD","WKGPOP","TOT","PC_POP","A","2016",65.2780858884927,
"NLD","WKGPOP","TOT","PC_POP","A","2017",65.1422790863154,
"NZL","WKGPOP","TOT","PC_POP","A","2000",65.4675065453509,
"NZL","WKGPOP","TOT","PC_POP","A","2001",65.5253189022033,
"NZL","WKGPOP","TOT","PC_POP","A","2002",65.7819425098138,
"NZL","WKGPOP","TOT","PC_POP","A","2003",66.089094159714,
"NZL","WKGPOP","TOT","PC_POP","A","2004",66.2952905198777,
"NZL","WKGPOP","TOT","PC_POP","A","2005",66.4561310142964,
"NZL","WKGPOP","TOT","PC_POP","A","2006",66.5451895043732,
"NZL","WKGPOP","TOT","PC_POP","A","2007",66.4629007055258,
"NZL","WKGPOP","TOT","PC_POP","A","2008",66.4160289215456,
"NZL","WKGPOP","TOT","PC_POP","A","2009",66.3115325617069,
"NZL","WKGPOP","TOT","PC_POP","A","2010",66.1744087158388,
"NZL","WKGPOP","TOT","PC_POP","A","2011",65.9949817518248,
"NZL","WKGPOP","TOT","PC_POP","A","2012",65.6793176198362,
"NZL","WKGPOP","TOT","PC_POP","A","2013",65.449674703406,
"NZL","WKGPOP","TOT","PC_POP","A","2014",65.4537805823093,
"NZL","WKGPOP","TOT","PC_POP","A","2015",65.5829392111772,
"NZL","WKGPOP","TOT","PC_POP","A","2016",65.7075581765342,
"NZL","WKGPOP","TOT","PC_POP","A","2017",65.7082017616753,
"NOR","WKGPOP","TOT","PC_POP","A","2000",64.8293365379841,
"NOR","WKGPOP","TOT","PC_POP","A","2001",64.9584480477085,
"NOR","WKGPOP","TOT","PC_POP","A","2002",65.1177559524715,
"NOR","WKGPOP","TOT","PC_POP","A","2003",65.2913038220702,
"NOR","WKGPOP","TOT","PC_POP","A","2004",65.4617719994015,
"NOR","WKGPOP","TOT","PC_POP","A","2005",65.6486837412208,
"NOR","WKGPOP","TOT","PC_POP","A","2006",65.876194274947,
"NOR","WKGPOP","TOT","PC_POP","A","2007",66.1063043993446,
"NOR","WKGPOP","TOT","PC_POP","A","2008",66.2586313746339,
"NOR","WKGPOP","TOT","PC_POP","A","2009",66.2703708397843,
"NOR","WKGPOP","TOT","PC_POP","A","2010",66.2080894566102,
"NOR","WKGPOP","TOT","PC_POP","A","2011",66.126815003728,
"NOR","WKGPOP","TOT","PC_POP","A","2012",66.030330528154,
"NOR","WKGPOP","TOT","PC_POP","A","2013",65.9321900778537,
"NOR","WKGPOP","TOT","PC_POP","A","2014",65.8380158005165,
"NOR","WKGPOP","TOT","PC_POP","A","2015",65.743488600354,
"NOR","WKGPOP","TOT","PC_POP","A","2016",65.6085041075966,
"NOR","WKGPOP","TOT","PC_POP","A","2017",65.4357760568812,
"POL","WKGPOP","TOT","PC_POP","A","2000",68.3139233650895,
"POL","WKGPOP","TOT","PC_POP","A","2001",68.7954081664134,
"POL","WKGPOP","TOT","PC_POP","A","2002",69.1974594989718,
"POL","WKGPOP","TOT","PC_POP","A","2003",69.6224944840549,
"POL","WKGPOP","TOT","PC_POP","A","2004",69.9837971198145,
"POL","WKGPOP","TOT","PC_POP","A","2005",70.3221741872456,
"POL","WKGPOP","TOT","PC_POP","A","2006",70.6410320055107,
"POL","WKGPOP","TOT","PC_POP","A","2007",70.9280207950647,
"POL","WKGPOP","TOT","PC_POP","A","2008",71.1512534044511,
"POL","WKGPOP","TOT","PC_POP","A","2009",71.2689664344103,
"POL","WKGPOP","TOT","PC_POP","A","2010",71.3133779489717,
"POL","WKGPOP","TOT","PC_POP","A","2011",71.221037817123,
"POL","WKGPOP","TOT","PC_POP","A","2012",70.903551685509,
"POL","WKGPOP","TOT","PC_POP","A","2013",70.5100820219085,
"POL","WKGPOP","TOT","PC_POP","A","2014",70.0206062489884,
"POL","WKGPOP","TOT","PC_POP","A","2015",69.506071267045,
"POL","WKGPOP","TOT","PC_POP","A","2016",68.9105124497847,
"POL","WKGPOP","TOT","PC_POP","A","2017",68.2442451587938,
"PRT","WKGPOP","TOT","PC_POP","A","2000",67.4381514763314,
"PRT","WKGPOP","TOT","PC_POP","A","2001",67.3400032993263,
"PRT","WKGPOP","TOT","PC_POP","A","2002",67.2066010402192,
"PRT","WKGPOP","TOT","PC_POP","A","2003",67.0767479431955,
"PRT","WKGPOP","TOT","PC_POP","A","2004",66.9302845583321,
"PRT","WKGPOP","TOT","PC_POP","A","2005",66.8066841658788,
"PRT","WKGPOP","TOT","PC_POP","A","2006",66.7454312218027,
"PRT","WKGPOP","TOT","PC_POP","A","2007",66.7130498934194,
"PRT","WKGPOP","TOT","PC_POP","A","2008",66.6444153495634,
"PRT","WKGPOP","TOT","PC_POP","A","2009",66.5144212902301,
"PRT","WKGPOP","TOT","PC_POP","A","2010",66.32972354371,
"PRT","WKGPOP","TOT","PC_POP","A","2011",66.1278679035624,
"PRT","WKGPOP","TOT","PC_POP","A","2012",65.9369490378055,
"PRT","WKGPOP","TOT","PC_POP","A","2013",65.6961766881397,
"PRT","WKGPOP","TOT","PC_POP","A","2014",65.4501369884218,
"PRT","WKGPOP","TOT","PC_POP","A","2015",65.2586831762964,
"PRT","WKGPOP","TOT","PC_POP","A","2016",65.0344006748761,
"PRT","WKGPOP","TOT","PC_POP","A","2017",64.7766278652078,
"SVK","WKGPOP","TOT","PC_POP","A","2000",69.0612606303763,
"SVK","WKGPOP","TOT","PC_POP","A","2001",69.5720456970359,
"SVK","WKGPOP","TOT","PC_POP","A","2002",70.1193888833011,
"SVK","WKGPOP","TOT","PC_POP","A","2003",70.643601446379,
"SVK","WKGPOP","TOT","PC_POP","A","2004",71.0800260247235,
"SVK","WKGPOP","TOT","PC_POP","A","2005",71.4559374527243,
"SVK","WKGPOP","TOT","PC_POP","A","2006",71.7986253112489,
"SVK","WKGPOP","TOT","PC_POP","A","2007",72.0998835444145,
"SVK","WKGPOP","TOT","PC_POP","A","2008",72.3311679808958,
"SVK","WKGPOP","TOT","PC_POP","A","2009",72.4112252125822,
"SVK","WKGPOP","TOT","PC_POP","A","2010",72.3406672480181,
"SVK","WKGPOP","TOT","PC_POP","A","2011",71.9060555899691,
"SVK","WKGPOP","TOT","PC_POP","A","2012",71.6690962813488,
"SVK","WKGPOP","TOT","PC_POP","A","2013",71.3224101152835,
"SVK","WKGPOP","TOT","PC_POP","A","2014",70.9325977748328,
"SVK","WKGPOP","TOT","PC_POP","A","2015",70.4723744909128,
"SVK","WKGPOP","TOT","PC_POP","A","2016",69.8859513727035,
"SVK","WKGPOP","TOT","PC_POP","A","2017",69.210328701766,
"ESP","WKGPOP","TOT","PC_POP","A","2000",68.6473944236908,
"ESP","WKGPOP","TOT","PC_POP","A","2001",68.5230594703941,
"ESP","WKGPOP","TOT","PC_POP","A","2002",68.563736254186,
"ESP","WKGPOP","TOT","PC_POP","A","2003",68.647496028733,
"ESP","WKGPOP","TOT","PC_POP","A","2004",68.8340922685114,
"ESP","WKGPOP","TOT","PC_POP","A","2005",68.9839359820266,
"ESP","WKGPOP","TOT","PC_POP","A","2006",68.8752550945017,
"ESP","WKGPOP","TOT","PC_POP","A","2007",68.9460501418295,
"ESP","WKGPOP","TOT","PC_POP","A","2008",68.8250933727512,
"ESP","WKGPOP","TOT","PC_POP","A","2009",68.4894975041813,
"ESP","WKGPOP","TOT","PC_POP","A","2010",68.0922428471007,
"ESP","WKGPOP","TOT","PC_POP","A","2011",67.7077263590022,
"ESP","WKGPOP","TOT","PC_POP","A","2012",67.3657133733377,
"ESP","WKGPOP","TOT","PC_POP","A","2013",66.9133841658905,
"ESP","WKGPOP","TOT","PC_POP","A","2014",66.5048007729955,
"ESP","WKGPOP","TOT","PC_POP","A","2015",66.2592442872786,
"ESP","WKGPOP","TOT","PC_POP","A","2016",66.0756453289841,
"ESP","WKGPOP","TOT","PC_POP","A","2017",65.9188905803337,
"SWE","WKGPOP","TOT","PC_POP","A","2000",64.3041814620915,
"SWE","WKGPOP","TOT","PC_POP","A","2001",64.5118577943726,
"SWE","WKGPOP","TOT","PC_POP","A","2002",64.7166037718937,
"SWE","WKGPOP","TOT","PC_POP","A","2003",64.9151417377893,
"SWE","WKGPOP","TOT","PC_POP","A","2004",65.0962346948374,
"SWE","WKGPOP","TOT","PC_POP","A","2005",65.3135859117054,
"SWE","WKGPOP","TOT","PC_POP","A","2006",65.546049966819,
"SWE","WKGPOP","TOT","PC_POP","A","2007",65.669500736383,
"SWE","WKGPOP","TOT","PC_POP","A","2008",65.6296846329883,
"SWE","WKGPOP","TOT","PC_POP","A","2009",65.4369322747553,
"SWE","WKGPOP","TOT","PC_POP","A","2010",65.1186894275629,
"SWE","WKGPOP","TOT","PC_POP","A","2011",64.7000132074449,
"SWE","WKGPOP","TOT","PC_POP","A","2012",64.2356502456725,
"SWE","WKGPOP","TOT","PC_POP","A","2013",63.7595160355211,
"SWE","WKGPOP","TOT","PC_POP","A","2014",63.3191678514208,
"SWE","WKGPOP","TOT","PC_POP","A","2015",62.9597589921527,
"SWE","WKGPOP","TOT","PC_POP","A","2016",62.702006210568,
"SWE","WKGPOP","TOT","PC_POP","A","2017",62.5228543915877,
"CHE","WKGPOP","TOT","PC_POP","A","2000",67.3021818561436,
"CHE","WKGPOP","TOT","PC_POP","A","2001",67.5014152483164,
"CHE","WKGPOP","TOT","PC_POP","A","2002",67.6153511841306,
"CHE","WKGPOP","TOT","PC_POP","A","2003",67.7554114306005,
"CHE","WKGPOP","TOT","PC_POP","A","2004",67.8727042478199,
"CHE","WKGPOP","TOT","PC_POP","A","2005",67.9724102730144,
"CHE","WKGPOP","TOT","PC_POP","A","2006",68.0423467066456,
"CHE","WKGPOP","TOT","PC_POP","A","2007",68.0897938675828,
"CHE","WKGPOP","TOT","PC_POP","A","2008",68.1209298092649,
"CHE","WKGPOP","TOT","PC_POP","A","2009",68.0775615999934,
"CHE","WKGPOP","TOT","PC_POP","A","2010",67.9577656484228,
"CHE","WKGPOP","TOT","PC_POP","A","2011",67.896525906944,
"CHE","WKGPOP","TOT","PC_POP","A","2012",67.7434183237648,
"CHE","WKGPOP","TOT","PC_POP","A","2013",67.5854883695172,
"CHE","WKGPOP","TOT","PC_POP","A","2014",67.4209386997557,
"CHE","WKGPOP","TOT","PC_POP","A","2015",67.2655189958271,
"CHE","WKGPOP","TOT","PC_POP","A","2016",67.0986013456528,
"CHE","WKGPOP","TOT","PC_POP","A","2017",66.8861338261021,
"TUR","WKGPOP","TOT","PC_POP","A","2000",63.8069448401137,
"TUR","WKGPOP","TOT","PC_POP","A","2001",64.2291673918942,
"TUR","WKGPOP","TOT","PC_POP","A","2002",64.6931001732957,
"TUR","WKGPOP","TOT","PC_POP","A","2003",65.1802420230357,
"TUR","WKGPOP","TOT","PC_POP","A","2004",65.6344698516256,
"TUR","WKGPOP","TOT","PC_POP","A","2005",66.0313101205838,
"TUR","WKGPOP","TOT","PC_POP","A","2006",66.3787987035707,
"TUR","WKGPOP","TOT","PC_POP","A","2007",66.673921715346,
"TUR","WKGPOP","TOT","PC_POP","A","2008",66.6970731688025,
"TUR","WKGPOP","TOT","PC_POP","A","2009",66.9452491951779,
"TUR","WKGPOP","TOT","PC_POP","A","2010",67.0852797597096,
"TUR","WKGPOP","TOT","PC_POP","A","2011",67.2721381685905,
"TUR","WKGPOP","TOT","PC_POP","A","2012",67.4652889792938,
"TUR","WKGPOP","TOT","PC_POP","A","2013",67.6413465453175,
"TUR","WKGPOP","TOT","PC_POP","A","2014",67.7405506529809,
"TUR","WKGPOP","TOT","PC_POP","A","2015",67.7589906877259,
"TUR","WKGPOP","TOT","PC_POP","A","2016",67.8607100073235,
"TUR","WKGPOP","TOT","PC_POP","A","2017",67.933986237894,
"GBR","WKGPOP","TOT","PC_POP","A","2000",65.1675961027452,
"GBR","WKGPOP","TOT","PC_POP","A","2001",65.3553812919984,
"GBR","WKGPOP","TOT","PC_POP","A","2002",65.5255055880185,
"GBR","WKGPOP","TOT","PC_POP","A","2003",65.6824270278575,
"GBR","WKGPOP","TOT","PC_POP","A","2004",65.8250632139615,
"GBR","WKGPOP","TOT","PC_POP","A","2005",66.0316633052642,
"GBR","WKGPOP","TOT","PC_POP","A","2006",66.2596998142291,
"GBR","WKGPOP","TOT","PC_POP","A","2007",66.359826856488,
"GBR","WKGPOP","TOT","PC_POP","A","2008",66.3062130858014,
"GBR","WKGPOP","TOT","PC_POP","A","2009",66.1839067558837,
"GBR","WKGPOP","TOT","PC_POP","A","2010",66.0355373379909,
"GBR","WKGPOP","TOT","PC_POP","A","2011",65.9092366778965,
"GBR","WKGPOP","TOT","PC_POP","A","2012",65.380024151939,
"GBR","WKGPOP","TOT","PC_POP","A","2013",64.9967614401064,
"GBR","WKGPOP","TOT","PC_POP","A","2014",64.681900724668,
"GBR","WKGPOP","TOT","PC_POP","A","2015",64.4571587844663,
"GBR","WKGPOP","TOT","PC_POP","A","2016",64.216887525714,
"GBR","WKGPOP","TOT","PC_POP","A","2017",63.9660622618374,
"USA","WKGPOP","TOT","PC_POP","A","2000",66.2076147343382,
"USA","WKGPOP","TOT","PC_POP","A","2001",66.4031655658772,
"USA","WKGPOP","TOT","PC_POP","A","2002",66.5935949497998,
"USA","WKGPOP","TOT","PC_POP","A","2003",66.7392139187038,
"USA","WKGPOP","TOT","PC_POP","A","2004",66.9216637603326,
"USA","WKGPOP","TOT","PC_POP","A","2005",67.1189894818734,
"USA","WKGPOP","TOT","PC_POP","A","2006",67.2629382637528,
"USA","WKGPOP","TOT","PC_POP","A","2007",67.2984326620581,
"USA","WKGPOP","TOT","PC_POP","A","2008",67.2190124943156,
"USA","WKGPOP","TOT","PC_POP","A","2009",67.170761795173,
"USA","WKGPOP","TOT","PC_POP","A","2010",67.1284352825125,
"USA","WKGPOP","TOT","PC_POP","A","2011",67.094655765785,
"USA","WKGPOP","TOT","PC_POP","A","2012",66.7833421672422,
"USA","WKGPOP","TOT","PC_POP","A","2013",66.550618006653,
"USA","WKGPOP","TOT","PC_POP","A","2014",66.3176992125186,
"USA","WKGPOP","TOT","PC_POP","A","2015",66.1138776284869,
"USA","WKGPOP","TOT","PC_POP","A","2016",65.8807149513891,
"USA","WKGPOP","TOT","PC_POP","A","2017",65.6232512725187,
"BRA","WKGPOP","TOT","PC_POP","A","2000",63.9955131312834,
"BRA","WKGPOP","TOT","PC_POP","A","2001",64.4671595739973,
"BRA","WKGPOP","TOT","PC_POP","A","2002",64.9392996066006,
"BRA","WKGPOP","TOT","PC_POP","A","2003",65.3901482269131,
"BRA","WKGPOP","TOT","PC_POP","A","2004",65.8158705597986,
"BRA","WKGPOP","TOT","PC_POP","A","2005",66.2123218515386,
"BRA","WKGPOP","TOT","PC_POP","A","2006",66.5916865571723,
"BRA","WKGPOP","TOT","PC_POP","A","2007",66.9701449020893,
"BRA","WKGPOP","TOT","PC_POP","A","2008",67.3209368832171,
"BRA","WKGPOP","TOT","PC_POP","A","2009",67.651320217407,
"BRA","WKGPOP","TOT","PC_POP","A","2010",67.98617442367,
"BRA","WKGPOP","TOT","PC_POP","A","2011",68.3240829833281,
"BRA","WKGPOP","TOT","PC_POP","A","2012",68.6423222166415,
"BRA","WKGPOP","TOT","PC_POP","A","2013",68.9338065260913,
"BRA","WKGPOP","TOT","PC_POP","A","2014",69.1615361303656,
"BRA","WKGPOP","TOT","PC_POP","A","2015",69.3062035329303,
"BRA","WKGPOP","TOT","PC_POP","A","2016",69.4185787951327,
"BRA","WKGPOP","TOT","PC_POP","A","2017",69.4556605933904,
"CHL","WKGPOP","TOT","PC_POP","A","2000",65.0149061552886,
"CHL","WKGPOP","TOT","PC_POP","A","2001",65.2685890360269,
"CHL","WKGPOP","TOT","PC_POP","A","2002",65.5676717266025,
"CHL","WKGPOP","TOT","PC_POP","A","2003",65.9422347651762,
"CHL","WKGPOP","TOT","PC_POP","A","2004",66.4091541369679,
"CHL","WKGPOP","TOT","PC_POP","A","2005",66.8964770204991,
"CHL","WKGPOP","TOT","PC_POP","A","2006",67.3941958258833,
"CHL","WKGPOP","TOT","PC_POP","A","2007",67.8071584380443,
"CHL","WKGPOP","TOT","PC_POP","A","2008",68.1239824230253,
"CHL","WKGPOP","TOT","PC_POP","A","2009",68.3668839158258,
"CHL","WKGPOP","TOT","PC_POP","A","2010",68.5491446371049,
"CHL","WKGPOP","TOT","PC_POP","A","2011",68.6872307134761,
"CHL","WKGPOP","TOT","PC_POP","A","2012",68.7859442814515,
"CHL","WKGPOP","TOT","PC_POP","A","2013",68.8461870841662,
"CHL","WKGPOP","TOT","PC_POP","A","2014",68.875858975376,
"CHL","WKGPOP","TOT","PC_POP","A","2015",68.8276270610291,
"CHL","WKGPOP","TOT","PC_POP","A","2016",68.7431989183552,
"CHL","WKGPOP","TOT","PC_POP","A","2017",68.725566246337,
"COL","WKGPOP","TOT","PC_POP","A","2000",61.0139582861766,
"COL","WKGPOP","TOT","PC_POP","A","2001",61.3250489586287,
"COL","WKGPOP","TOT","PC_POP","A","2002",61.6568789859591,
"COL","WKGPOP","TOT","PC_POP","A","2003",62.0067705865754,
"COL","WKGPOP","TOT","PC_POP","A","2004",62.3722644439834,
"COL","WKGPOP","TOT","PC_POP","A","2005",62.7325886566759,
"COL","WKGPOP","TOT","PC_POP","A","2006",63.1744823221956,
"COL","WKGPOP","TOT","PC_POP","A","2007",63.5937513410054,
"COL","WKGPOP","TOT","PC_POP","A","2008",63.9923914674238,
"COL","WKGPOP","TOT","PC_POP","A","2009",64.3578895067795,
"COL","WKGPOP","TOT","PC_POP","A","2010",64.682074439529,
"COL","WKGPOP","TOT","PC_POP","A","2011",64.9925101967981,
"COL","WKGPOP","TOT","PC_POP","A","2012",65.2599770515637,
"COL","WKGPOP","TOT","PC_POP","A","2013",65.4879962557741,
"COL","WKGPOP","TOT","PC_POP","A","2014",65.6756386410774,
"COL","WKGPOP","TOT","PC_POP","A","2015",65.8292230600722,
"COL","WKGPOP","TOT","PC_POP","A","2016",65.9352374064438,
"COL","WKGPOP","TOT","PC_POP","A","2017",66.0153151016028,
"EST","WKGPOP","TOT","PC_POP","A","2000",67.3761708250267,
"EST","WKGPOP","TOT","PC_POP","A","2001",67.5628460178011,
"EST","WKGPOP","TOT","PC_POP","A","2002",67.7105158226701,
"EST","WKGPOP","TOT","PC_POP","A","2003",67.866157931598,
"EST","WKGPOP","TOT","PC_POP","A","2004",68.0074125720157,
"EST","WKGPOP","TOT","PC_POP","A","2005",68.0747725637098,
"EST","WKGPOP","TOT","PC_POP","A","2006",67.9650433245966,
"EST","WKGPOP","TOT","PC_POP","A","2007",67.7760539427753,
"EST","WKGPOP","TOT","PC_POP","A","2008",67.6697155763636,
"EST","WKGPOP","TOT","PC_POP","A","2009",67.532399411022,
"EST","WKGPOP","TOT","PC_POP","A","2010",67.3223304981318,
"EST","WKGPOP","TOT","PC_POP","A","2011",66.990950243288,
"EST","WKGPOP","TOT","PC_POP","A","2012",66.5421230577548,
"EST","WKGPOP","TOT","PC_POP","A","2013",66.0590274484692,
"EST","WKGPOP","TOT","PC_POP","A","2014",65.5486879490622,
"EST","WKGPOP","TOT","PC_POP","A","2015",65.0954505069192,
"EST","WKGPOP","TOT","PC_POP","A","2016",64.6656381337447,
"EST","WKGPOP","TOT","PC_POP","A","2017",64.2589404456104,
"ISR","WKGPOP","TOT","PC_POP","A","2000",61.624689944667,
"ISR","WKGPOP","TOT","PC_POP","A","2001",61.7316353471036,
"ISR","WKGPOP","TOT","PC_POP","A","2002",61.7610350076104,
"ISR","WKGPOP","TOT","PC_POP","A","2003",61.7441738792472,
"ISR","WKGPOP","TOT","PC_POP","A","2004",61.7256572183874,
"ISR","WKGPOP","TOT","PC_POP","A","2005",61.7388740871741,
"ISR","WKGPOP","TOT","PC_POP","A","2006",61.7671459843739,
"ISR","WKGPOP","TOT","PC_POP","A","2007",61.819689644225,
"ISR","WKGPOP","TOT","PC_POP","A","2008",61.8783807727539,
"ISR","WKGPOP","TOT","PC_POP","A","2009",62.3148954020171,
"ISR","WKGPOP","TOT","PC_POP","A","2010",62.1515850663489,
"ISR","WKGPOP","TOT","PC_POP","A","2011",61.8064490707499,
"ISR","WKGPOP","TOT","PC_POP","A","2012",61.5535504912759,
"ISR","WKGPOP","TOT","PC_POP","A","2013",61.2555611693891,
"ISR","WKGPOP","TOT","PC_POP","A","2014",61.0174729553336,
"ISR","WKGPOP","TOT","PC_POP","A","2015",60.7701605305586,
"ISR","WKGPOP","TOT","PC_POP","A","2016",60.5165171251282,
"ISR","WKGPOP","TOT","PC_POP","A","2017",60.2777396494633,
"RUS","WKGPOP","TOT","PC_POP","A","2000",69.5745160948965,
"RUS","WKGPOP","TOT","PC_POP","A","2001",70.1406997353991,
"RUS","WKGPOP","TOT","PC_POP","A","2002",70.5690872484022,
"RUS","WKGPOP","TOT","PC_POP","A","2003",70.8313079311346,
"RUS","WKGPOP","TOT","PC_POP","A","2004",70.9837487261441,
"RUS","WKGPOP","TOT","PC_POP","A","2005",71.1156223590744,
"RUS","WKGPOP","TOT","PC_POP","A","2006",71.2423220942162,
"RUS","WKGPOP","TOT","PC_POP","A","2007",71.4144722738895,
"RUS","WKGPOP","TOT","PC_POP","A","2008",71.6800120893446,
"RUS","WKGPOP","TOT","PC_POP","A","2009",71.9249488236313,
"RUS","WKGPOP","TOT","PC_POP","A","2010",72.0512784155462,
"RUS","WKGPOP","TOT","PC_POP","A","2011",71.8858982368964,
"RUS","WKGPOP","TOT","PC_POP","A","2012",71.4205271317933,
"RUS","WKGPOP","TOT","PC_POP","A","2013",70.8694116269385,
"RUS","WKGPOP","TOT","PC_POP","A","2014",70.201779858229,
"RUS","WKGPOP","TOT","PC_POP","A","2015",69.424060641666,
"RUS","WKGPOP","TOT","PC_POP","A","2016",68.723485088503,
"RUS","WKGPOP","TOT","PC_POP","A","2017",68.6449242549856,
"SVN","WKGPOP","TOT","PC_POP","A","2000",70.0961476622291,
"SVN","WKGPOP","TOT","PC_POP","A","2001",70.1312476939411,
"SVN","WKGPOP","TOT","PC_POP","A","2002",70.1934842497788,
"SVN","WKGPOP","TOT","PC_POP","A","2003",70.3526139425964,
"SVN","WKGPOP","TOT","PC_POP","A","2004",70.3615015292909,
"SVN","WKGPOP","TOT","PC_POP","A","2005",70.2958951863812,
"SVN","WKGPOP","TOT","PC_POP","A","2006",70.2367817831673,
"SVN","WKGPOP","TOT","PC_POP","A","2007",70.059809666803,
"SVN","WKGPOP","TOT","PC_POP","A","2008",69.728754012723,
"SVN","WKGPOP","TOT","PC_POP","A","2009",69.5265957837475,
"SVN","WKGPOP","TOT","PC_POP","A","2010",69.3427045164086,
"SVN","WKGPOP","TOT","PC_POP","A","2011",69.1429362103507,
"SVN","WKGPOP","TOT","PC_POP","A","2012",68.6706752349652,
"SVN","WKGPOP","TOT","PC_POP","A","2013",68.183063200969,
"SVN","WKGPOP","TOT","PC_POP","A","2014",67.6478192181597,
"SVN","WKGPOP","TOT","PC_POP","A","2015",67.0537260606366,
"SVN","WKGPOP","TOT","PC_POP","A","2016",66.4306638614387,
"SVN","WKGPOP","TOT","PC_POP","A","2017",65.8635024085732,
"EU27","WKGPOP","TOT","PC_POP","A","2000",67.4373996622615,
"EU27","WKGPOP","TOT","PC_POP","A","2001",67.4022956008384,
"EU27","WKGPOP","TOT","PC_POP","A","2002",67.3759794662955,
"EU27","WKGPOP","TOT","PC_POP","A","2003",67.3863737178165,
"EU27","WKGPOP","TOT","PC_POP","A","2004",67.3744013942189,
"EU27","WKGPOP","TOT","PC_POP","A","2005",67.3308603409376,
"EU27","WKGPOP","TOT","PC_POP","A","2006",67.2753164376229,
"EU27","WKGPOP","TOT","PC_POP","A","2007",67.2590699388337,
"EU27","WKGPOP","TOT","PC_POP","A","2008",67.1993742469993,
"EU27","WKGPOP","TOT","PC_POP","A","2009",67.0623543068059,
"EU27","WKGPOP","TOT","PC_POP","A","2010",66.9313004166341,
"EU27","WKGPOP","TOT","PC_POP","A","2011",66.7085236506222,
"EU27","WKGPOP","TOT","PC_POP","A","2012",66.449754725863,
"EU27","WKGPOP","TOT","PC_POP","A","2013",66.1572403060587,
"EU27","WKGPOP","TOT","PC_POP","A","2014",65.8319074663005,
"EU27","WKGPOP","TOT","PC_POP","A","2015",65.5443586883719,
"EU27","WKGPOP","TOT","PC_POP","A","2016",65.2656095367816,
"EU27","WKGPOP","TOT","PC_POP","A","2017",64.9754859738639,
"OECD","WKGPOP","TOT","PC_POP","A","2000",66.2103086730238,
"OECD","WKGPOP","TOT","PC_POP","A","2001",66.2807394834977,
"OECD","WKGPOP","TOT","PC_POP","A","2002",66.3607234702637,
"OECD","WKGPOP","TOT","PC_POP","A","2003",66.4516377673873,
"OECD","WKGPOP","TOT","PC_POP","A","2004",66.5439708543428,
"OECD","WKGPOP","TOT","PC_POP","A","2005",66.6074266157534,
"OECD","WKGPOP","TOT","PC_POP","A","2006",66.6624454806977,
"OECD","WKGPOP","TOT","PC_POP","A","2007",66.6912092715685,
"OECD","WKGPOP","TOT","PC_POP","A","2008",66.6603387729529,
"OECD","WKGPOP","TOT","PC_POP","A","2009",66.6159413043495,
"OECD","WKGPOP","TOT","PC_POP","A","2010",66.6030337198265,
"OECD","WKGPOP","TOT","PC_POP","A","2011",66.5533649081345,
"OECD","WKGPOP","TOT","PC_POP","A","2012",66.3265834495875,
"OECD","WKGPOP","TOT","PC_POP","A","2013",66.1064070674605,
"OECD","WKGPOP","TOT","PC_POP","A","2014",65.8802434772174,
"OECD","WKGPOP","TOT","PC_POP","A","2015",65.7055134970275,
"OECD","WKGPOP","TOT","PC_POP","A","2016",65.5243884877711,
"OECD","WKGPOP","TOT","PC_POP","A","2017",65.335188580638,
"LVA","WKGPOP","TOT","PC_POP","A","2000",67.3659130180621,
"LVA","WKGPOP","TOT","PC_POP","A","2001",67.7028049283493,
"LVA","WKGPOP","TOT","PC_POP","A","2002",67.9820065657335,
"LVA","WKGPOP","TOT","PC_POP","A","2003",68.1833340253633,
"LVA","WKGPOP","TOT","PC_POP","A","2004",68.3293395895848,
"LVA","WKGPOP","TOT","PC_POP","A","2005",68.433521723031,
"LVA","WKGPOP","TOT","PC_POP","A","2006",68.4372310784001,
"LVA","WKGPOP","TOT","PC_POP","A","2007",68.3960778521355,
"LVA","WKGPOP","TOT","PC_POP","A","2008",68.2453782716765,
"LVA","WKGPOP","TOT","PC_POP","A","2009",67.9100588886793,
"LVA","WKGPOP","TOT","PC_POP","A","2010",67.5776964872878,
"LVA","WKGPOP","TOT","PC_POP","A","2011",67.2917546644916,
"LVA","WKGPOP","TOT","PC_POP","A","2012",66.9716328372472,
"LVA","WKGPOP","TOT","PC_POP","A","2013",66.5093779485424,
"LVA","WKGPOP","TOT","PC_POP","A","2014",65.9241091692434,
"LVA","WKGPOP","TOT","PC_POP","A","2015",65.3700108671302,
"LVA","WKGPOP","TOT","PC_POP","A","2016",64.8299213844101,
"LVA","WKGPOP","TOT","PC_POP","A","2017",64.3287903134874,
"ARG","WKGPOP","TOT","PC_POP","A","2000",62.2039438548305,
"ARG","WKGPOP","TOT","PC_POP","A","2001",62.3897566234032,
"ARG","WKGPOP","TOT","PC_POP","A","2002",62.5754589715647,
"ARG","WKGPOP","TOT","PC_POP","A","2003",62.7609840394545,
"ARG","WKGPOP","TOT","PC_POP","A","2004",62.946255676999,
"ARG","WKGPOP","TOT","PC_POP","A","2005",63.1312257951186,
"ARG","WKGPOP","TOT","PC_POP","A","2006",63.2655347851148,
"ARG","WKGPOP","TOT","PC_POP","A","2007",63.4000228690313,
"ARG","WKGPOP","TOT","PC_POP","A","2008",63.5346402827785,
"ARG","WKGPOP","TOT","PC_POP","A","2009",63.6693372429635,
"ARG","WKGPOP","TOT","PC_POP","A","2010",63.8040795516319,
"ARG","WKGPOP","TOT","PC_POP","A","2011",63.9155517650962,
"ARG","WKGPOP","TOT","PC_POP","A","2012",63.9959997384341,
"ARG","WKGPOP","TOT","PC_POP","A","2013",64.0511779571729,
"ARG","WKGPOP","TOT","PC_POP","A","2014",64.0888714421308,
"ARG","WKGPOP","TOT","PC_POP","A","2015",64.1147681513057,
"ARG","WKGPOP","TOT","PC_POP","A","2016",64.1311378697239,
"ARG","WKGPOP","TOT","PC_POP","A","2017",64.1386428017593,
"BGR","WKGPOP","TOT","PC_POP","A","2000",68.0336839909858,
"BGR","WKGPOP","TOT","PC_POP","A","2001",68.1119817898086,
"BGR","WKGPOP","TOT","PC_POP","A","2002",68.2329780026835,
"BGR","WKGPOP","TOT","PC_POP","A","2003",68.5120682713453,
"BGR","WKGPOP","TOT","PC_POP","A","2004",68.7778383954095,
"BGR","WKGPOP","TOT","PC_POP","A","2005",68.9869802370344,
"BGR","WKGPOP","TOT","PC_POP","A","2006",69.1052926830103,
"BGR","WKGPOP","TOT","PC_POP","A","2007",69.1082870713205,
"BGR","WKGPOP","TOT","PC_POP","A","2008",69.0063363519053,
"BGR","WKGPOP","TOT","PC_POP","A","2009",68.804876926647,
"BGR","WKGPOP","TOT","PC_POP","A","2010",68.4931990291252,
"BGR","WKGPOP","TOT","PC_POP","A","2011",68.0429526310579,
"BGR","WKGPOP","TOT","PC_POP","A","2012",67.515961098774,
"BGR","WKGPOP","TOT","PC_POP","A","2013",66.9704379745151,
"BGR","WKGPOP","TOT","PC_POP","A","2014",66.4148810811278,
"BGR","WKGPOP","TOT","PC_POP","A","2015",65.8782171780377,
"BGR","WKGPOP","TOT","PC_POP","A","2016",65.3952683859999,
"BGR","WKGPOP","TOT","PC_POP","A","2017",64.9557907200118,
"CHN","WKGPOP","TOT","PC_POP","A","2000",68.3994263977684,
"CHN","WKGPOP","TOT","PC_POP","A","2001",68.8457011368858,
"CHN","WKGPOP","TOT","PC_POP","A","2002",69.6381953541372,
"CHN","WKGPOP","TOT","PC_POP","A","2003",70.6183529097248,
"CHN","WKGPOP","TOT","PC_POP","A","2004",71.5088493291773,
"CHN","WKGPOP","TOT","PC_POP","A","2005",72.1640795127428,
"CHN","WKGPOP","TOT","PC_POP","A","2006",72.6735679241474,
"CHN","WKGPOP","TOT","PC_POP","A","2007",72.9853476727258,
"CHN","WKGPOP","TOT","PC_POP","A","2008",73.1295917665047,
"CHN","WKGPOP","TOT","PC_POP","A","2009",73.2057141219475,
"CHN","WKGPOP","TOT","PC_POP","A","2010",73.2655899997689,
"CHN","WKGPOP","TOT","PC_POP","A","2011",73.2309927626298,
"CHN","WKGPOP","TOT","PC_POP","A","2012",73.1770170363205,
"CHN","WKGPOP","TOT","PC_POP","A","2013",73.0809203200928,
"CHN","WKGPOP","TOT","PC_POP","A","2014",72.8992377588503,
"CHN","WKGPOP","TOT","PC_POP","A","2015",72.6143335918963,
"CHN","WKGPOP","TOT","PC_POP","A","2016",72.2027440438283,
"CHN","WKGPOP","TOT","PC_POP","A","2017",71.7175089997247,
"CRI","WKGPOP","TOT","PC_POP","A","2000",62.8286086817072,
"CRI","WKGPOP","TOT","PC_POP","A","2001",63.5496901016418,
"CRI","WKGPOP","TOT","PC_POP","A","2002",64.1567251246821,
"CRI","WKGPOP","TOT","PC_POP","A","2003",64.771504537607,
"CRI","WKGPOP","TOT","PC_POP","A","2004",65.4053653057946,
"CRI","WKGPOP","TOT","PC_POP","A","2005",66.0638235282954,
"CRI","WKGPOP","TOT","PC_POP","A","2006",66.6301287133156,
"CRI","WKGPOP","TOT","PC_POP","A","2007",67.1430217100307,
"CRI","WKGPOP","TOT","PC_POP","A","2008",67.6247079419358,
"CRI","WKGPOP","TOT","PC_POP","A","2009",68.0072010680779,
"CRI","WKGPOP","TOT","PC_POP","A","2010",68.3659123923056,
"CRI","WKGPOP","TOT","PC_POP","A","2011",68.7773632780644,
"CRI","WKGPOP","TOT","PC_POP","A","2012",69.0546188223858,
"CRI","WKGPOP","TOT","PC_POP","A","2013",69.2636611244369,
"CRI","WKGPOP","TOT","PC_POP","A","2014",69.4322703565922,
"CRI","WKGPOP","TOT","PC_POP","A","2015",69.6138998830074,
"CRI","WKGPOP","TOT","PC_POP","A","2016",69.7230539991934,
"CRI","WKGPOP","TOT","PC_POP","A","2017",69.71549913695,
"HRV","WKGPOP","TOT","PC_POP","A","2000",67.1123682412787,
"HRV","WKGPOP","TOT","PC_POP","A","2001",66.9614353939235,
"HRV","WKGPOP","TOT","PC_POP","A","2002",66.8142199734367,
"HRV","WKGPOP","TOT","PC_POP","A","2003",66.7980821671428,
"HRV","WKGPOP","TOT","PC_POP","A","2004",66.814733076244,
"HRV","WKGPOP","TOT","PC_POP","A","2005",66.7186834781661,
"HRV","WKGPOP","TOT","PC_POP","A","2006",66.7129883170628,
"HRV","WKGPOP","TOT","PC_POP","A","2007",66.6910041884202,
"HRV","WKGPOP","TOT","PC_POP","A","2008",66.713104493231,
"HRV","WKGPOP","TOT","PC_POP","A","2009",66.7626517909468,
"HRV","WKGPOP","TOT","PC_POP","A","2010",66.8646679363891,
"HRV","WKGPOP","TOT","PC_POP","A","2011",67.0776817013976,
"HRV","WKGPOP","TOT","PC_POP","A","2012",66.9792654253322,
"HRV","WKGPOP","TOT","PC_POP","A","2013",66.8922000644314,
"HRV","WKGPOP","TOT","PC_POP","A","2014",66.646336615162,
"HRV","WKGPOP","TOT","PC_POP","A","2015",66.3300111047568,
"HRV","WKGPOP","TOT","PC_POP","A","2016",66.0408125913765,
"HRV","WKGPOP","TOT","PC_POP","A","2017",65.6661084617863,
"CYP","WKGPOP","TOT","PC_POP","A","2000",66.2025590040633,
"CYP","WKGPOP","TOT","PC_POP","A","2001",66.625708978999,
"CYP","WKGPOP","TOT","PC_POP","A","2002",67.0338528051903,
"CYP","WKGPOP","TOT","PC_POP","A","2003",67.4590877134365,
"CYP","WKGPOP","TOT","PC_POP","A","2004",67.8614846348168,
"CYP","WKGPOP","TOT","PC_POP","A","2005",68.2461772603011,
"CYP","WKGPOP","TOT","PC_POP","A","2006",68.6178032502224,
"CYP","WKGPOP","TOT","PC_POP","A","2007",69.0904255873857,
"CYP","WKGPOP","TOT","PC_POP","A","2008",69.6387119738632,
"CYP","WKGPOP","TOT","PC_POP","A","2009",70.0735608968885,
"CYP","WKGPOP","TOT","PC_POP","A","2010",70.377144207445,
"CYP","WKGPOP","TOT","PC_POP","A","2011",70.5888713123559,
"CYP","WKGPOP","TOT","PC_POP","A","2012",70.5471991851333,
"CYP","WKGPOP","TOT","PC_POP","A","2013",70.1349749053876,
"CYP","WKGPOP","TOT","PC_POP","A","2014",69.4116556853812,
"CYP","WKGPOP","TOT","PC_POP","A","2015",68.6960132694399,
"CYP","WKGPOP","TOT","PC_POP","A","2016",68.2861669009429,
"CYP","WKGPOP","TOT","PC_POP","A","2017",68.0134260982874,
"IND","WKGPOP","TOT","PC_POP","A","2000",60.9086201377812,
"IND","WKGPOP","TOT","PC_POP","A","2001",61.1889743704525,
"IND","WKGPOP","TOT","PC_POP","A","2002",61.4993720024635,
"IND","WKGPOP","TOT","PC_POP","A","2003",61.8308382037057,
"IND","WKGPOP","TOT","PC_POP","A","2004",62.1738958280458,
"IND","WKGPOP","TOT","PC_POP","A","2005",62.5227646602331,
"IND","WKGPOP","TOT","PC_POP","A","2006",62.8084285205891,
"IND","WKGPOP","TOT","PC_POP","A","2007",63.1026072981797,
"IND","WKGPOP","TOT","PC_POP","A","2008",63.4092443314151,
"IND","WKGPOP","TOT","PC_POP","A","2009",63.7419660646101,
"IND","WKGPOP","TOT","PC_POP","A","2010",64.1082106508661,
"IND","WKGPOP","TOT","PC_POP","A","2011",64.4294047692961,
"IND","WKGPOP","TOT","PC_POP","A","2012",64.8055237499863,
"IND","WKGPOP","TOT","PC_POP","A","2013",65.2084928821739,
"IND","WKGPOP","TOT","PC_POP","A","2014",65.5959811070442,
"IND","WKGPOP","TOT","PC_POP","A","2015",65.9441643793144,
"IND","WKGPOP","TOT","PC_POP","A","2016",66.2742556958016,
"IND","WKGPOP","TOT","PC_POP","A","2017",66.5381810585661,
"IDN","WKGPOP","TOT","PC_POP","A","2000",64.6084646893667,
"IDN","WKGPOP","TOT","PC_POP","A","2001",64.7868200101779,
"IDN","WKGPOP","TOT","PC_POP","A","2002",64.9312610327884,
"IDN","WKGPOP","TOT","PC_POP","A","2003",65.0565461613174,
"IDN","WKGPOP","TOT","PC_POP","A","2004",65.1824103209563,
"IDN","WKGPOP","TOT","PC_POP","A","2005",65.3179691951019,
"IDN","WKGPOP","TOT","PC_POP","A","2006",65.6106455228585,
"IDN","WKGPOP","TOT","PC_POP","A","2007",65.8362233517632,
"IDN","WKGPOP","TOT","PC_POP","A","2008",66.0030219167638,
"IDN","WKGPOP","TOT","PC_POP","A","2009",66.1197689617299,
"IDN","WKGPOP","TOT","PC_POP","A","2010",66.2093834476514,
"IDN","WKGPOP","TOT","PC_POP","A","2011",66.4316772351871,
"IDN","WKGPOP","TOT","PC_POP","A","2012",66.6076845821237,
"IDN","WKGPOP","TOT","PC_POP","A","2013",66.7700634784856,
"IDN","WKGPOP","TOT","PC_POP","A","2014",66.9535751133874,
"IDN","WKGPOP","TOT","PC_POP","A","2015",68.3367639860885,
"IDN","WKGPOP","TOT","PC_POP","A","2016",68.4501724394721,
"IDN","WKGPOP","TOT","PC_POP","A","2017",68.550460962176,
"LTU","WKGPOP","TOT","PC_POP","A","2000",66.2213597581849,
"LTU","WKGPOP","TOT","PC_POP","A","2001",66.4718998437544,
"LTU","WKGPOP","TOT","PC_POP","A","2002",66.6948585940554,
"LTU","WKGPOP","TOT","PC_POP","A","2003",66.9028161966076,
"LTU","WKGPOP","TOT","PC_POP","A","2004",67.0156078947657,
"LTU","WKGPOP","TOT","PC_POP","A","2005",67.1088404150458,
"LTU","WKGPOP","TOT","PC_POP","A","2006",67.2362146522389,
"LTU","WKGPOP","TOT","PC_POP","A","2007",67.4232978274668,
"LTU","WKGPOP","TOT","PC_POP","A","2008",67.5925839072438,
"LTU","WKGPOP","TOT","PC_POP","A","2009",67.6824608722787,
"LTU","WKGPOP","TOT","PC_POP","A","2010",67.4769120896577,
"LTU","WKGPOP","TOT","PC_POP","A","2011",67.1888059881398,
"LTU","WKGPOP","TOT","PC_POP","A","2012",67.09629546823,
"LTU","WKGPOP","TOT","PC_POP","A","2013",67.0079917124485,
"LTU","WKGPOP","TOT","PC_POP","A","2014",66.8287314748568,
"LTU","WKGPOP","TOT","PC_POP","A","2015",66.5247574105617,
"LTU","WKGPOP","TOT","PC_POP","A","2016",66.1011967642807,
"LTU","WKGPOP","TOT","PC_POP","A","2017",65.6068558951039,
"MLT","WKGPOP","TOT","PC_POP","A","2000",67.7228051258657,
"MLT","WKGPOP","TOT","PC_POP","A","2001",68.039172781583,
"MLT","WKGPOP","TOT","PC_POP","A","2002",68.2962555149519,
"MLT","WKGPOP","TOT","PC_POP","A","2003",68.5876431951267,
"MLT","WKGPOP","TOT","PC_POP","A","2004",68.8949641506942,
"MLT","WKGPOP","TOT","PC_POP","A","2005",69.0848758744506,
"MLT","WKGPOP","TOT","PC_POP","A","2006",69.3312049265872,
"MLT","WKGPOP","TOT","PC_POP","A","2007",69.7800725305796,
"MLT","WKGPOP","TOT","PC_POP","A","2008",70.0745278801691,
"MLT","WKGPOP","TOT","PC_POP","A","2009",69.9648947570029,
"MLT","WKGPOP","TOT","PC_POP","A","2010",69.5475852152788,
"MLT","WKGPOP","TOT","PC_POP","A","2011",69.0444045125209,
"MLT","WKGPOP","TOT","PC_POP","A","2012",68.5667554692131,
"MLT","WKGPOP","TOT","PC_POP","A","2013",68.1086372685272,
"MLT","WKGPOP","TOT","PC_POP","A","2014",67.7149372809551,
"MLT","WKGPOP","TOT","PC_POP","A","2015",67.4445463042853,
"MLT","WKGPOP","TOT","PC_POP","A","2016",67.1894078479256,
"MLT","WKGPOP","TOT","PC_POP","A","2017",67.1574021645068,
"ROU","WKGPOP","TOT","PC_POP","A","2000",68.3965622558117,
"ROU","WKGPOP","TOT","PC_POP","A","2001",68.4511738537195,
"ROU","WKGPOP","TOT","PC_POP","A","2002",68.3010042316826,
"ROU","WKGPOP","TOT","PC_POP","A","2003",68.3140013622649,
"ROU","WKGPOP","TOT","PC_POP","A","2004",68.355957261485,
"ROU","WKGPOP","TOT","PC_POP","A","2005",68.3387686105692,
"ROU","WKGPOP","TOT","PC_POP","A","2006",68.3090141343091,
"ROU","WKGPOP","TOT","PC_POP","A","2007",68.265649825839,
"ROU","WKGPOP","TOT","PC_POP","A","2008",68.155071553748,
"ROU","WKGPOP","TOT","PC_POP","A","2009",68.0812956485394,
"ROU","WKGPOP","TOT","PC_POP","A","2010",68.0578973524604,
"ROU","WKGPOP","TOT","PC_POP","A","2011",68.0341292290215,
"ROU","WKGPOP","TOT","PC_POP","A","2012",68.0296918542414,
"ROU","WKGPOP","TOT","PC_POP","A","2013",67.9887140200355,
"ROU","WKGPOP","TOT","PC_POP","A","2014",67.7125256904455,
"ROU","WKGPOP","TOT","PC_POP","A","2015",67.2894853006092,
"ROU","WKGPOP","TOT","PC_POP","A","2016",66.864221535069,
"ROU","WKGPOP","TOT","PC_POP","A","2017",66.4016867714497,
"SAU","WKGPOP","TOT","PC_POP","A","2000",58.7265435659587,
"SAU","WKGPOP","TOT","PC_POP","A","2001",59.6904226010282,
"SAU","WKGPOP","TOT","PC_POP","A","2002",60.6068096586696,
"SAU","WKGPOP","TOT","PC_POP","A","2003",61.4840551649634,
"SAU","WKGPOP","TOT","PC_POP","A","2004",62.336505151196,
"SAU","WKGPOP","TOT","PC_POP","A","2005",63.1615026342391,
"SAU","WKGPOP","TOT","PC_POP","A","2006",64.0580761622239,
"SAU","WKGPOP","TOT","PC_POP","A","2007",64.9620448441704,
"SAU","WKGPOP","TOT","PC_POP","A","2008",65.8304805582857,
"SAU","WKGPOP","TOT","PC_POP","A","2009",66.6216527840483,
"SAU","WKGPOP","TOT","PC_POP","A","2010",67.3271139240248,
"SAU","WKGPOP","TOT","PC_POP","A","2011",68.3323775273245,
"SAU","WKGPOP","TOT","PC_POP","A","2012",69.215342350958,
"SAU","WKGPOP","TOT","PC_POP","A","2013",69.9769180533327,
"SAU","WKGPOP","TOT","PC_POP","A","2014",70.6225519019667,
"SAU","WKGPOP","TOT","PC_POP","A","2015",71.1564586257833,
"SAU","WKGPOP","TOT","PC_POP","A","2016",71.9922812620527,
"SAU","WKGPOP","TOT","PC_POP","A","2017",72.0817979752084,
"SGP","WKGPOP","TOT","PC_POP","A","2000",70.8884410314407,
"SGP","WKGPOP","TOT","PC_POP","A","2001",70.9047650832767,
"SGP","WKGPOP","TOT","PC_POP","A","2002",71.0398398554632,
"SGP","WKGPOP","TOT","PC_POP","A","2003",71.3471864696541,
"SGP","WKGPOP","TOT","PC_POP","A","2004",71.6646754164486,
"SGP","WKGPOP","TOT","PC_POP","A","2005",71.883959174281,
"SGP","WKGPOP","TOT","PC_POP","A","2006",72.1803604986423,
"SGP","WKGPOP","TOT","PC_POP","A","2007",72.5363527823254,
"SGP","WKGPOP","TOT","PC_POP","A","2008",72.9017456753432,
"SGP","WKGPOP","TOT","PC_POP","A","2009",73.2721975769951,
"SGP","WKGPOP","TOT","PC_POP","A","2010",73.6779045958065,
"SGP","WKGPOP","TOT","PC_POP","A","2011",73.8853667914847,
"SGP","WKGPOP","TOT","PC_POP","A","2012",73.679962181182,
"SGP","WKGPOP","TOT","PC_POP","A","2013",73.4786466015615,
"SGP","WKGPOP","TOT","PC_POP","A","2014",73.1432163212244,
"SGP","WKGPOP","TOT","PC_POP","A","2015",72.7846690359726,
"SGP","WKGPOP","TOT","PC_POP","A","2016",72.449021356995,
"SGP","WKGPOP","TOT","PC_POP","A","2017",71.9810852600588,
"ZAF","WKGPOP","TOT","PC_POP","A","2000",61.6202985462036,
"ZAF","WKGPOP","TOT","PC_POP","A","2001",62.1794054815938,
"ZAF","WKGPOP","TOT","PC_POP","A","2002",62.4797103396045,
"ZAF","WKGPOP","TOT","PC_POP","A","2003",63.144276069404,
"ZAF","WKGPOP","TOT","PC_POP","A","2004",63.7168475386497,
"ZAF","WKGPOP","TOT","PC_POP","A","2005",64.1770230757463,
"ZAF","WKGPOP","TOT","PC_POP","A","2006",64.5333329593475,
"ZAF","WKGPOP","TOT","PC_POP","A","2007",64.8239770202334,
"ZAF","WKGPOP","TOT","PC_POP","A","2008",65.0387320769108,
"ZAF","WKGPOP","TOT","PC_POP","A","2009",65.2135892391586,
"ZAF","WKGPOP","TOT","PC_POP","A","2010",65.3221248696293,
"ZAF","WKGPOP","TOT","PC_POP","A","2011",65.4092736005897,
"ZAF","WKGPOP","TOT","PC_POP","A","2012",65.4295857138695,
"ZAF","WKGPOP","TOT","PC_POP","A","2013",65.3941345069449,
"ZAF","WKGPOP","TOT","PC_POP","A","2014",65.3809165043937,
"ZAF","WKGPOP","TOT","PC_POP","A","2015",65.3553646390717,
"ZAF","WKGPOP","TOT","PC_POP","A","2016",65.3554821590957,
"ZAF","WKGPOP","TOT","PC_POP","A","2017",65.3008097915312,
"WLD","WKGPOP","TOT","PC_POP","A","2000",62.9929209861077,
"WLD","WKGPOP","TOT","PC_POP","A","2001",63.2425488400245,
"WLD","WKGPOP","TOT","PC_POP","A","2002",63.5681809018308,
"WLD","WKGPOP","TOT","PC_POP","A","2003",63.935740538013,
"WLD","WKGPOP","TOT","PC_POP","A","2004",64.2892874580069,
"WLD","WKGPOP","TOT","PC_POP","A","2005",64.5986262327391,
"WLD","WKGPOP","TOT","PC_POP","A","2006",64.8317070597576,
"WLD","WKGPOP","TOT","PC_POP","A","2007",65.0309563758931,
"WLD","WKGPOP","TOT","PC_POP","A","2008",65.1947653777824,
"WLD","WKGPOP","TOT","PC_POP","A","2009",65.3342997636922,
"WLD","WKGPOP","TOT","PC_POP","A","2010",65.4550778440697,
"WLD","WKGPOP","TOT","PC_POP","A","2011",65.5120061873005,
"WLD","WKGPOP","TOT","PC_POP","A","2012",65.563200335346,
"WLD","WKGPOP","TOT","PC_POP","A","2013",65.6004883254056,
"WLD","WKGPOP","TOT","PC_POP","A","2014",65.6129903540148,
"WLD","WKGPOP","TOT","PC_POP","A","2015",65.5969753049712,
"WLD","WKGPOP","TOT","PC_POP","A","2016",65.5322913604932,
"WLD","WKGPOP","TOT","PC_POP","A","2017",65.4492023824134,
"G20","WKGPOP","TOT","PC_POP","A","2000",65.4428775054322,
"G20","WKGPOP","TOT","PC_POP","A","2001",65.7149432565108,
"G20","WKGPOP","TOT","PC_POP","A","2002",66.0938353758335,
"G20","WKGPOP","TOT","PC_POP","A","2003",66.5364185105949,
"G20","WKGPOP","TOT","PC_POP","A","2004",66.9480876922997,
"G20","WKGPOP","TOT","PC_POP","A","2005",67.277156642398,
"G20","WKGPOP","TOT","PC_POP","A","2006",67.5480314034372,
"G20","WKGPOP","TOT","PC_POP","A","2007",67.7516341352325,
"G20","WKGPOP","TOT","PC_POP","A","2008",67.8895447955031,
"G20","WKGPOP","TOT","PC_POP","A","2009",68.0071481455665,
"G20","WKGPOP","TOT","PC_POP","A","2010",68.1357321047325,
"G20","WKGPOP","TOT","PC_POP","A","2011",68.2156313694748,
"G20","WKGPOP","TOT","PC_POP","A","2012",68.2418121822267,
"G20","WKGPOP","TOT","PC_POP","A","2013",68.2611790302202,
"G20","WKGPOP","TOT","PC_POP","A","2014",68.2438346698145,
"G20","WKGPOP","TOT","PC_POP","A","2015",68.259275803693,
"G20","WKGPOP","TOT","PC_POP","A","2016",68.165293349546,
"G20","WKGPOP","TOT","PC_POP","A","2017",68.0243090379498,
